# Blender 4.1.1
# www.blender.org
mtllib sphere.mtl
o Sphere
v 0.000000 0.929776 -0.368125
v 0.000000 -0.309017 -0.951057
v 0.000000 -0.929776 -0.368125
v 0.015708 0.992115 -0.124345
v 0.031169 0.968583 -0.246729
v 0.046138 0.929776 -0.365222
v 0.060380 0.876307 -0.477955
v 0.073669 0.809017 -0.583150
v 0.085797 0.728969 -0.679149
v 0.096571 0.637424 -0.764437
v 0.105822 0.535827 -0.837670
v 0.113405 0.425779 -0.897692
v 0.119199 0.309017 -0.943557
v 0.123113 0.187381 -0.974542
v 0.125086 0.062791 -0.990157
v 0.125086 -0.062791 -0.990157
v 0.123113 -0.187381 -0.974542
v 0.119199 -0.309017 -0.943557
v 0.113405 -0.425779 -0.897692
v 0.105822 -0.535827 -0.837670
v 0.096571 -0.637424 -0.764437
v 0.085797 -0.728969 -0.679149
v 0.073669 -0.809017 -0.583150
v 0.060380 -0.876307 -0.477955
v 0.046138 -0.929776 -0.365222
v 0.031169 -0.968583 -0.246729
v 0.015708 -0.992115 -0.124345
v 0.031169 0.992115 -0.121396
v 0.061847 0.968583 -0.240877
v 0.091549 0.929776 -0.356559
v 0.119807 0.876307 -0.466619
v 0.146176 0.809017 -0.569319
v 0.170240 0.728969 -0.663041
v 0.191619 0.637424 -0.746306
v 0.209976 0.535827 -0.817802
v 0.225021 0.425779 -0.876400
v 0.236518 0.309017 -0.921177
v 0.244285 0.187381 -0.951427
v 0.248199 0.062791 -0.966672
v 0.248199 -0.062791 -0.966672
v 0.244285 -0.187381 -0.951427
v 0.236518 -0.309017 -0.921177
v 0.225021 -0.425779 -0.876400
v 0.209976 -0.535827 -0.817802
v 0.191619 -0.637424 -0.746306
v 0.170240 -0.728969 -0.663041
v 0.146176 -0.809017 -0.569319
v 0.119807 -0.876307 -0.466619
v 0.091549 -0.929776 -0.356559
v 0.061847 -0.968583 -0.240877
v 0.031169 -0.992115 -0.121396
v 0.046138 0.992115 -0.116532
v 0.091549 0.968583 -0.231226
v 0.135516 0.929776 -0.342274
v 0.177345 0.876307 -0.447923
v 0.216378 0.809017 -0.546509
v 0.251999 0.728969 -0.636476
v 0.283645 0.637424 -0.716405
v 0.310818 0.535827 -0.785036
v 0.333089 0.425779 -0.841287
v 0.350107 0.309017 -0.884270
v 0.361604 0.187381 -0.913308
v 0.367398 0.062791 -0.927942
v 0.367398 -0.062791 -0.927942
v 0.361604 -0.187381 -0.913308
v 0.350107 -0.309017 -0.884270
v 0.333089 -0.425779 -0.841287
v 0.310818 -0.535827 -0.785036
v 0.283645 -0.637424 -0.716405
v 0.251999 -0.728969 -0.636476
v 0.216378 -0.809017 -0.546509
v 0.177345 -0.876307 -0.447923
v 0.135516 -0.929776 -0.342274
v 0.091549 -0.968583 -0.231226
v 0.046138 -0.992115 -0.116532
v 0.060380 0.992115 -0.109830
v 0.119807 0.968583 -0.217929
v 0.177345 0.929776 -0.322590
v 0.232087 0.876307 -0.422164
v 0.283168 0.809017 -0.515080
v 0.329783 0.728969 -0.599873
v 0.371198 0.637424 -0.675206
v 0.406758 0.535827 -0.739890
v 0.435904 0.425779 -0.792906
v 0.458175 0.309017 -0.833417
v 0.473221 0.187381 -0.860785
v 0.480803 0.062791 -0.874578
v 0.480803 -0.062791 -0.874578
v 0.473221 -0.187381 -0.860785
v 0.458175 -0.309017 -0.833417
v 0.435904 -0.425779 -0.792906
v 0.406758 -0.535827 -0.739890
v 0.371198 -0.637424 -0.675206
v 0.329783 -0.728969 -0.599873
v 0.283168 -0.809017 -0.515080
v 0.232087 -0.876307 -0.422164
v 0.177345 -0.929776 -0.322590
v 0.119807 -0.968583 -0.217929
v 0.060380 -0.992115 -0.109830
v 0.073669 0.992115 -0.101397
v 0.146176 0.968583 -0.201194
v 0.216378 0.929776 -0.297819
v 0.283168 0.876307 -0.389747
v 0.345492 0.809017 -0.475528
v 0.402367 0.728969 -0.553810
v 0.452896 0.637424 -0.623358
v 0.496284 0.535827 -0.683076
v 0.531844 0.425779 -0.732021
v 0.559017 0.309017 -0.769421
v 0.577374 0.187381 -0.794687
v 0.586625 0.062791 -0.807421
v 0.586625 -0.062791 -0.807421
v 0.577374 -0.187381 -0.794687
v 0.559017 -0.309017 -0.769421
v 0.531844 -0.425779 -0.732021
v 0.496284 -0.535827 -0.683076
v 0.452896 -0.637424 -0.623358
v 0.402367 -0.728969 -0.553810
v 0.345492 -0.809017 -0.475528
v 0.283168 -0.876307 -0.389747
v 0.216378 -0.929776 -0.297819
v 0.146176 -0.968583 -0.201194
v 0.073669 -0.992115 -0.101397
v 0.085797 0.992115 -0.091364
v 0.170240 0.968583 -0.181287
v 0.251999 0.929776 -0.268351
v 0.329783 0.876307 -0.351183
v 0.402367 0.809017 -0.428477
v 0.468605 0.728969 -0.499013
v 0.527453 0.637424 -0.561680
v 0.577982 0.535827 -0.615489
v 0.619397 0.425779 -0.659591
v 0.651043 0.309017 -0.693290
v 0.672422 0.187381 -0.716057
v 0.683196 0.062791 -0.727530
v 0.683196 -0.062791 -0.727530
v 0.672422 -0.187381 -0.716057
v 0.651043 -0.309017 -0.693290
v 0.619397 -0.425779 -0.659591
v 0.577982 -0.535827 -0.615489
v 0.527453 -0.637424 -0.561680
v 0.468605 -0.728969 -0.499013
v 0.402367 -0.809017 -0.428477
v 0.329783 -0.876307 -0.351183
v 0.251999 -0.929776 -0.268351
v 0.170240 -0.968583 -0.181287
v 0.085797 -0.992115 -0.091364
v 0.096571 0.992115 -0.079890
v 0.191619 0.968583 -0.158521
v 0.283645 0.929776 -0.234651
v 0.371198 0.876307 -0.307081
v 0.452896 0.809017 -0.374668
v 0.527453 0.728969 -0.436347
v 0.593691 0.637424 -0.491144
v 0.650566 0.535827 -0.538195
v 0.697181 0.425779 -0.576759
v 0.732802 0.309017 -0.606226
v 0.756865 0.187381 -0.626134
v 0.768993 0.062791 -0.636166
v 0.768993 -0.062791 -0.636166
v 0.756865 -0.187381 -0.626134
v 0.732802 -0.309017 -0.606226
v 0.697181 -0.425779 -0.576759
v 0.650566 -0.535827 -0.538195
v 0.593691 -0.637424 -0.491144
v 0.527453 -0.728969 -0.436347
v 0.452896 -0.809017 -0.374668
v 0.371198 -0.876307 -0.307081
v 0.283645 -0.929776 -0.234651
v 0.191619 -0.968583 -0.158521
v 0.096571 -0.992115 -0.079890
v 0.105822 0.992115 -0.067157
v 0.209976 0.968583 -0.133255
v 0.310818 0.929776 -0.197251
v 0.406758 0.876307 -0.258137
v 0.496284 0.809017 -0.314951
v 0.577982 0.728969 -0.366799
v 0.650566 0.637424 -0.412862
v 0.712890 0.535827 -0.452414
v 0.763971 0.425779 -0.484831
v 0.803004 0.309017 -0.509602
v 0.829373 0.187381 -0.526336
v 0.842662 0.062791 -0.534770
v 0.842662 -0.062791 -0.534770
v 0.829373 -0.187381 -0.526336
v 0.803004 -0.309017 -0.509602
v 0.763971 -0.425779 -0.484831
v 0.712890 -0.535827 -0.452414
v 0.650566 -0.637424 -0.412862
v 0.577982 -0.728969 -0.366799
v 0.496284 -0.809017 -0.314951
v 0.406758 -0.876307 -0.258137
v 0.310818 -0.929776 -0.197251
v 0.209976 -0.968583 -0.133255
v 0.105822 -0.992115 -0.067157
v 0.000000 -1.000000 0.000000
v 0.113405 0.992115 -0.053364
v 0.225021 0.968583 -0.105887
v 0.333089 0.929776 -0.156740
v 0.435904 0.876307 -0.205121
v 0.531844 0.809017 -0.250267
v 0.619397 0.728969 -0.291466
v 0.697181 0.637424 -0.328069
v 0.763971 0.535827 -0.359497
v 0.818712 0.425779 -0.385257
v 0.860542 0.309017 -0.404940
v 0.888800 0.187381 -0.418238
v 0.903042 0.062791 -0.424939
v 0.903042 -0.062791 -0.424939
v 0.888800 -0.187381 -0.418238
v 0.860542 -0.309017 -0.404940
v 0.818712 -0.425779 -0.385257
v 0.763971 -0.535827 -0.359497
v 0.697181 -0.637424 -0.328069
v 0.619397 -0.728969 -0.291466
v 0.531844 -0.809017 -0.250267
v 0.435904 -0.876307 -0.205121
v 0.333089 -0.929776 -0.156740
v 0.225021 -0.968583 -0.105887
v 0.113405 -0.992115 -0.053364
v 0.119199 0.992115 -0.038730
v 0.236518 0.968583 -0.076849
v 0.350107 0.929776 -0.113757
v 0.458175 0.876307 -0.148870
v 0.559017 0.809017 -0.181636
v 0.651043 0.728969 -0.211537
v 0.732802 0.637424 -0.238102
v 0.803004 0.535827 -0.260912
v 0.860542 0.425779 -0.279607
v 0.904509 0.309017 -0.293893
v 0.934211 0.187381 -0.303544
v 0.949180 0.062791 -0.308407
v 0.949180 -0.062791 -0.308407
v 0.934211 -0.187381 -0.303544
v 0.904509 -0.309017 -0.293893
v 0.860542 -0.425779 -0.279607
v 0.803004 -0.535827 -0.260912
v 0.732802 -0.637424 -0.238102
v 0.651043 -0.728969 -0.211537
v 0.559017 -0.809017 -0.181636
v 0.458175 -0.876307 -0.148870
v 0.350107 -0.929776 -0.113757
v 0.236518 -0.968583 -0.076849
v 0.119199 -0.992115 -0.038730
v 0.123113 0.992115 -0.023485
v 0.244285 0.968583 -0.046600
v 0.361604 0.929776 -0.068980
v 0.473221 0.876307 -0.090272
v 0.577374 0.809017 -0.110140
v 0.672422 0.728969 -0.128271
v 0.756866 0.637424 -0.144380
v 0.829373 0.535827 -0.158211
v 0.888800 0.425779 -0.169548
v 0.934211 0.309017 -0.178210
v 0.964888 0.187381 -0.184062
v 0.980349 0.062791 -0.187012
v 0.980349 -0.062791 -0.187012
v 0.964888 -0.187381 -0.184062
v 0.934211 -0.309017 -0.178210
v 0.888800 -0.425779 -0.169548
v 0.829373 -0.535827 -0.158211
v 0.756866 -0.637424 -0.144380
v 0.672422 -0.728969 -0.128271
v 0.577374 -0.809017 -0.110140
v 0.473221 -0.876307 -0.090272
v 0.361604 -0.929776 -0.068980
v 0.244285 -0.968583 -0.046600
v 0.123113 -0.992115 -0.023485
v 0.125086 0.992115 -0.007870
v 0.248199 0.968583 -0.015615
v 0.367398 0.929776 -0.023115
v 0.480803 0.876307 -0.030250
v 0.586626 0.809017 -0.036907
v 0.683196 0.728969 -0.042983
v 0.768993 0.637424 -0.048381
v 0.842662 0.535827 -0.053016
v 0.903042 0.425779 -0.056815
v 0.949180 0.309017 -0.059717
v 0.980349 0.187381 -0.061678
v 0.996058 0.062791 -0.062667
v 0.996058 -0.062791 -0.062667
v 0.980349 -0.187381 -0.061678
v 0.949180 -0.309017 -0.059717
v 0.903042 -0.425779 -0.056815
v 0.842662 -0.535827 -0.053016
v 0.768993 -0.637424 -0.048381
v 0.683196 -0.728969 -0.042983
v 0.586626 -0.809017 -0.036907
v 0.480803 -0.876307 -0.030250
v 0.367398 -0.929776 -0.023115
v 0.248199 -0.968583 -0.015615
v 0.125086 -0.992115 -0.007870
v 0.125086 0.992115 0.007870
v 0.248199 0.968583 0.015615
v 0.367398 0.929776 0.023115
v 0.480803 0.876307 0.030250
v 0.586626 0.809017 0.036907
v 0.683196 0.728969 0.042983
v 0.768993 0.637424 0.048381
v 0.842662 0.535827 0.053016
v 0.903042 0.425779 0.056814
v 0.949180 0.309017 0.059717
v 0.980349 0.187381 0.061678
v 0.996058 0.062791 0.062666
v 0.996058 -0.062791 0.062666
v 0.980349 -0.187381 0.061678
v 0.949180 -0.309017 0.059717
v 0.903042 -0.425779 0.056814
v 0.842662 -0.535827 0.053016
v 0.768993 -0.637424 0.048381
v 0.683196 -0.728969 0.042983
v 0.586626 -0.809017 0.036907
v 0.480803 -0.876307 0.030250
v 0.367398 -0.929776 0.023115
v 0.248199 -0.968583 0.015615
v 0.125086 -0.992115 0.007870
v 0.123113 0.992115 0.023485
v 0.244285 0.968583 0.046600
v 0.361604 0.929776 0.068980
v 0.473221 0.876307 0.090272
v 0.577374 0.809017 0.110140
v 0.672422 0.728969 0.128271
v 0.756866 0.637424 0.144380
v 0.829373 0.535827 0.158211
v 0.888801 0.425779 0.169548
v 0.934211 0.309017 0.178210
v 0.964889 0.187381 0.184062
v 0.980349 0.062791 0.187012
v 0.980349 -0.062791 0.187012
v 0.964889 -0.187381 0.184062
v 0.934211 -0.309017 0.178210
v 0.888801 -0.425779 0.169548
v 0.829373 -0.535827 0.158211
v 0.756866 -0.637424 0.144380
v 0.672422 -0.728969 0.128271
v 0.577374 -0.809017 0.110140
v 0.473221 -0.876307 0.090272
v 0.361604 -0.929776 0.068980
v 0.244285 -0.968583 0.046600
v 0.123113 -0.992115 0.023485
v 0.119199 0.992115 0.038730
v 0.236518 0.968583 0.076849
v 0.350107 0.929776 0.113757
v 0.458175 0.876307 0.148870
v 0.559017 0.809017 0.181636
v 0.651043 0.728969 0.211537
v 0.732802 0.637424 0.238102
v 0.803004 0.535827 0.260912
v 0.860542 0.425779 0.279607
v 0.904509 0.309017 0.293893
v 0.934211 0.187381 0.303543
v 0.949180 0.062791 0.308407
v 0.949180 -0.062791 0.308407
v 0.934211 -0.187381 0.303543
v 0.904509 -0.309017 0.293893
v 0.860542 -0.425779 0.279607
v 0.803004 -0.535827 0.260912
v 0.732802 -0.637424 0.238102
v 0.651043 -0.728969 0.211537
v 0.559017 -0.809017 0.181636
v 0.458175 -0.876307 0.148870
v 0.350107 -0.929776 0.113757
v 0.236518 -0.968583 0.076849
v 0.119199 -0.992115 0.038730
v 0.113405 0.992115 0.053364
v 0.225021 0.968583 0.105887
v 0.333089 0.929776 0.156740
v 0.435904 0.876307 0.205121
v 0.531844 0.809017 0.250267
v 0.619397 0.728969 0.291466
v 0.697182 0.637424 0.328069
v 0.763971 0.535827 0.359497
v 0.818712 0.425779 0.385257
v 0.860542 0.309017 0.404940
v 0.888800 0.187381 0.418238
v 0.903042 0.062791 0.424939
v 0.903042 -0.062791 0.424939
v 0.888800 -0.187381 0.418238
v 0.860542 -0.309017 0.404940
v 0.818712 -0.425779 0.385257
v 0.763971 -0.535827 0.359497
v 0.697182 -0.637424 0.328069
v 0.619397 -0.728969 0.291466
v 0.531844 -0.809017 0.250267
v 0.435904 -0.876307 0.205121
v 0.333089 -0.929776 0.156740
v 0.225021 -0.968583 0.105887
v 0.113405 -0.992115 0.053364
v 0.105822 0.992115 0.067157
v 0.209976 0.968583 0.133255
v 0.310818 0.929776 0.197251
v 0.406758 0.876307 0.258137
v 0.496284 0.809017 0.314951
v 0.577982 0.728969 0.366799
v 0.650566 0.637424 0.412862
v 0.712890 0.535827 0.452414
v 0.763971 0.425779 0.484831
v 0.803004 0.309017 0.509602
v 0.829373 0.187381 0.526336
v 0.842662 0.062791 0.534770
v 0.842662 -0.062791 0.534770
v 0.829373 -0.187381 0.526336
v 0.803004 -0.309017 0.509602
v 0.763971 -0.425779 0.484831
v 0.712890 -0.535827 0.452414
v 0.650566 -0.637424 0.412862
v 0.577982 -0.728969 0.366799
v 0.496284 -0.809017 0.314951
v 0.406758 -0.876307 0.258137
v 0.310818 -0.929776 0.197251
v 0.209976 -0.968583 0.133255
v 0.105822 -0.992115 0.067157
v 0.096571 0.992115 0.079890
v 0.191619 0.968583 0.158521
v 0.283645 0.929776 0.234652
v 0.371198 0.876307 0.307081
v 0.452897 0.809017 0.374669
v 0.527453 0.728969 0.436347
v 0.593691 0.637424 0.491144
v 0.650566 0.535827 0.538195
v 0.697182 0.425779 0.576759
v 0.732802 0.309017 0.606226
v 0.756866 0.187381 0.626134
v 0.768993 0.062791 0.636166
v 0.768993 -0.062791 0.636166
v 0.756866 -0.187381 0.626134
v 0.732802 -0.309017 0.606226
v 0.697182 -0.425779 0.576759
v 0.650566 -0.535827 0.538195
v 0.593691 -0.637424 0.491144
v 0.527453 -0.728969 0.436347
v 0.452897 -0.809017 0.374669
v 0.371198 -0.876307 0.307081
v 0.283645 -0.929776 0.234652
v 0.191619 -0.968583 0.158521
v 0.096571 -0.992115 0.079890
v 0.085797 0.992115 0.091364
v 0.170240 0.968583 0.181287
v 0.251999 0.929776 0.268351
v 0.329783 0.876307 0.351183
v 0.402367 0.809017 0.428477
v 0.468605 0.728969 0.499014
v 0.527453 0.637424 0.561680
v 0.577983 0.535827 0.615489
v 0.619397 0.425779 0.659591
v 0.651043 0.309017 0.693291
v 0.672422 0.187381 0.716057
v 0.683197 0.062791 0.727531
v 0.683197 -0.062791 0.727531
v 0.672422 -0.187381 0.716057
v 0.651043 -0.309017 0.693291
v 0.619397 -0.425779 0.659591
v 0.577983 -0.535827 0.615489
v 0.527453 -0.637424 0.561680
v 0.468605 -0.728969 0.499014
v 0.402367 -0.809017 0.428477
v 0.329783 -0.876307 0.351183
v 0.251999 -0.929776 0.268351
v 0.170240 -0.968583 0.181287
v 0.085797 -0.992115 0.091364
v 0.073669 0.992115 0.101397
v 0.146176 0.968583 0.201194
v 0.216378 0.929776 0.297819
v 0.283168 0.876307 0.389747
v 0.345492 0.809017 0.475528
v 0.402367 0.728969 0.553810
v 0.452897 0.637424 0.623359
v 0.496284 0.535827 0.683076
v 0.531844 0.425779 0.732021
v 0.559017 0.309017 0.769421
v 0.577374 0.187381 0.794687
v 0.586626 0.062791 0.807421
v 0.586626 -0.062791 0.807421
v 0.577374 -0.187381 0.794687
v 0.559017 -0.309017 0.769421
v 0.531844 -0.425779 0.732021
v 0.496284 -0.535827 0.683076
v 0.452897 -0.637424 0.623359
v 0.402367 -0.728969 0.553810
v 0.345492 -0.809017 0.475528
v 0.283168 -0.876307 0.389747
v 0.216378 -0.929776 0.297819
v 0.146176 -0.968583 0.201194
v 0.073669 -0.992115 0.101397
v 0.060380 0.992115 0.109830
v 0.119807 0.968583 0.217929
v 0.177345 0.929776 0.322590
v 0.232087 0.876307 0.422164
v 0.283168 0.809017 0.515080
v 0.329783 0.728969 0.599873
v 0.371198 0.637424 0.675206
v 0.406758 0.535827 0.739891
v 0.435904 0.425779 0.792906
v 0.458175 0.309017 0.833417
v 0.473221 0.187381 0.860785
v 0.480804 0.062791 0.874578
v 0.480804 -0.062791 0.874578
v 0.473221 -0.187381 0.860785
v 0.458175 -0.309017 0.833417
v 0.435904 -0.425779 0.792906
v 0.406758 -0.535827 0.739891
v 0.371198 -0.637424 0.675206
v 0.329783 -0.728969 0.599873
v 0.283168 -0.809017 0.515080
v 0.232087 -0.876307 0.422164
v 0.177345 -0.929776 0.322590
v 0.119807 -0.968583 0.217929
v 0.060380 -0.992115 0.109830
v 0.046138 0.992115 0.116532
v 0.091549 0.968583 0.231226
v 0.135516 0.929776 0.342274
v 0.177345 0.876307 0.447923
v 0.216378 0.809017 0.546509
v 0.251999 0.728969 0.636476
v 0.283645 0.637424 0.716406
v 0.310818 0.535827 0.785037
v 0.333089 0.425779 0.841287
v 0.350107 0.309017 0.884270
v 0.361604 0.187381 0.913308
v 0.367399 0.062791 0.927942
v 0.367399 -0.062791 0.927942
v 0.361604 -0.187381 0.913308
v 0.350107 -0.309017 0.884270
v 0.333089 -0.425779 0.841287
v 0.310818 -0.535827 0.785037
v 0.283645 -0.637424 0.716406
v 0.251999 -0.728969 0.636476
v 0.216378 -0.809017 0.546509
v 0.177345 -0.876307 0.447923
v 0.135516 -0.929776 0.342274
v 0.091549 -0.968583 0.231226
v 0.046138 -0.992115 0.116532
v 0.031169 0.992115 0.121396
v 0.061847 0.968583 0.240877
v 0.091549 0.929776 0.356559
v 0.119807 0.876307 0.466619
v 0.146176 0.809017 0.569319
v 0.170240 0.728969 0.663041
v 0.191619 0.637424 0.746307
v 0.209976 0.535827 0.817802
v 0.225022 0.425779 0.876401
v 0.236518 0.309017 0.921178
v 0.244285 0.187381 0.951427
v 0.248199 0.062791 0.966673
v 0.248199 -0.062791 0.966673
v 0.244285 -0.187381 0.951427
v 0.236518 -0.309017 0.921178
v 0.225022 -0.425779 0.876401
v 0.209976 -0.535827 0.817802
v 0.191619 -0.637424 0.746307
v 0.170240 -0.728969 0.663041
v 0.146176 -0.809017 0.569319
v 0.119807 -0.876307 0.466619
v 0.091549 -0.929776 0.356559
v 0.061847 -0.968583 0.240877
v 0.031169 -0.992115 0.121396
v 0.015708 0.992115 0.124345
v 0.031169 0.968583 0.246729
v 0.046138 0.929776 0.365222
v 0.060380 0.876307 0.477955
v 0.073669 0.809017 0.583151
v 0.085797 0.728969 0.679150
v 0.096571 0.637424 0.764438
v 0.105822 0.535827 0.837671
v 0.113405 0.425779 0.897693
v 0.119199 0.309017 0.943558
v 0.123113 0.187381 0.974542
v 0.125086 0.062791 0.990158
v 0.125086 -0.062791 0.990158
v 0.123113 -0.187381 0.974542
v 0.119199 -0.309017 0.943558
v 0.113405 -0.425779 0.897693
v 0.105822 -0.535827 0.837671
v 0.096571 -0.637424 0.764438
v 0.085797 -0.728969 0.679150
v 0.073669 -0.809017 0.583151
v 0.060380 -0.876307 0.477955
v 0.046138 -0.929776 0.365222
v 0.031169 -0.968583 0.246729
v 0.015708 -0.992115 0.124345
v 0.000000 0.992115 0.125333
v 0.000000 0.968583 0.248690
v -0.000000 0.929776 0.368125
v 0.000000 0.876307 0.481754
v 0.000000 0.809017 0.587786
v 0.000000 0.728969 0.684547
v 0.000000 0.637424 0.770514
v -0.000000 0.535827 0.844328
v 0.000000 0.425779 0.904828
v -0.000000 0.309017 0.951057
v 0.000000 0.187381 0.982288
v 0.000000 0.062791 0.998028
v 0.000000 -0.062791 0.998028
v 0.000000 -0.187381 0.982288
v -0.000000 -0.309017 0.951057
v 0.000000 -0.425779 0.904828
v -0.000000 -0.535827 0.844328
v 0.000000 -0.637424 0.770514
v 0.000000 -0.728969 0.684547
v 0.000000 -0.809017 0.587786
v 0.000000 -0.876307 0.481754
v -0.000000 -0.929776 0.368125
v 0.000000 -0.968583 0.248690
v 0.000000 -0.992115 0.125333
v -0.015708 0.992115 0.124345
v -0.031169 0.968583 0.246729
v -0.046138 0.929776 0.365222
v -0.060380 0.876307 0.477955
v -0.073669 0.809017 0.583151
v -0.085796 0.728969 0.679150
v -0.096571 0.637424 0.764438
v -0.105822 0.535827 0.837671
v -0.113405 0.425779 0.897693
v -0.119199 0.309017 0.943558
v -0.123113 0.187381 0.974542
v -0.125086 0.062791 0.990158
v -0.125086 -0.062791 0.990158
v -0.123113 -0.187381 0.974542
v -0.119199 -0.309017 0.943558
v -0.113405 -0.425779 0.897693
v -0.105822 -0.535827 0.837671
v -0.096571 -0.637424 0.764438
v -0.085796 -0.728969 0.679150
v -0.073669 -0.809017 0.583151
v -0.060380 -0.876307 0.477955
v -0.046138 -0.929776 0.365222
v -0.031169 -0.968583 0.246729
v -0.015708 -0.992115 0.124345
v -0.031169 0.992115 0.121396
v -0.061847 0.968583 0.240877
v -0.091549 0.929776 0.356559
v -0.119807 0.876307 0.466619
v -0.146176 0.809017 0.569319
v -0.170240 0.728969 0.663041
v -0.191619 0.637424 0.746307
v -0.209976 0.535827 0.817802
v -0.225021 0.425779 0.876401
v -0.236518 0.309017 0.921178
v -0.244285 0.187381 0.951428
v -0.248199 0.062791 0.966673
v -0.248199 -0.062791 0.966673
v -0.244285 -0.187381 0.951428
v -0.236518 -0.309017 0.921178
v -0.225021 -0.425779 0.876401
v -0.209976 -0.535827 0.817802
v -0.191619 -0.637424 0.746307
v -0.170240 -0.728969 0.663041
v -0.146176 -0.809017 0.569319
v -0.119807 -0.876307 0.466619
v -0.091549 -0.929776 0.356559
v -0.061847 -0.968583 0.240877
v -0.031169 -0.992115 0.121396
v -0.046138 0.992115 0.116532
v -0.091549 0.968583 0.231226
v -0.135516 0.929776 0.342274
v -0.177345 0.876307 0.447924
v -0.216378 0.809017 0.546509
v -0.251999 0.728969 0.636476
v -0.283645 0.637424 0.716406
v -0.310818 0.535827 0.785037
v -0.333089 0.425779 0.841288
v -0.350107 0.309017 0.884270
v -0.361604 0.187381 0.913308
v -0.367398 0.062791 0.927943
v -0.367398 -0.062791 0.927943
v -0.361604 -0.187381 0.913308
v -0.350107 -0.309017 0.884270
v -0.333089 -0.425779 0.841288
v -0.310818 -0.535827 0.785037
v -0.283645 -0.637424 0.716406
v -0.251999 -0.728969 0.636476
v -0.216378 -0.809017 0.546509
v -0.177345 -0.876307 0.447924
v -0.135516 -0.929776 0.342274
v -0.091549 -0.968583 0.231226
v -0.046138 -0.992115 0.116532
v -0.060380 0.992115 0.109830
v -0.119807 0.968583 0.217929
v -0.177345 0.929776 0.322590
v -0.232087 0.876307 0.422164
v -0.283168 0.809017 0.515080
v -0.329783 0.728969 0.599874
v -0.371198 0.637424 0.675207
v -0.406758 0.535827 0.739891
v -0.435904 0.425779 0.792907
v -0.458175 0.309017 0.833418
v -0.473221 0.187381 0.860786
v -0.480803 0.062791 0.874578
v -0.480803 -0.062791 0.874578
v -0.473221 -0.187381 0.860786
v -0.458175 -0.309017 0.833418
v -0.435904 -0.425779 0.792907
v -0.406758 -0.535827 0.739891
v -0.371198 -0.637424 0.675207
v -0.329783 -0.728969 0.599874
v -0.283168 -0.809017 0.515080
v -0.232087 -0.876307 0.422164
v -0.177345 -0.929776 0.322590
v -0.119807 -0.968583 0.217929
v -0.060380 -0.992115 0.109830
v -0.073669 0.992115 0.101397
v -0.146176 0.968583 0.201195
v -0.216378 0.929776 0.297819
v -0.283168 0.876307 0.389747
v -0.345492 0.809017 0.475529
v -0.402367 0.728969 0.553811
v -0.452897 0.637424 0.623359
v -0.496284 0.535827 0.683076
v -0.531844 0.425779 0.732021
v -0.559017 0.309017 0.769421
v -0.577374 0.187381 0.794688
v -0.586626 0.062791 0.807422
v -0.586626 -0.062791 0.807422
v -0.577374 -0.187381 0.794688
v -0.559017 -0.309017 0.769421
v -0.531844 -0.425779 0.732021
v -0.496284 -0.535827 0.683076
v -0.452897 -0.637424 0.623359
v -0.402367 -0.728969 0.553811
v -0.345492 -0.809017 0.475529
v -0.283168 -0.876307 0.389747
v -0.216378 -0.929776 0.297819
v -0.146176 -0.968583 0.201195
v -0.073669 -0.992115 0.101397
v -0.085797 0.992115 0.091364
v -0.170240 0.968583 0.181287
v -0.251999 0.929776 0.268351
v -0.329783 0.876307 0.351184
v -0.402367 0.809017 0.428477
v -0.468605 0.728969 0.499014
v -0.527453 0.637424 0.561681
v -0.577983 0.535827 0.615489
v -0.619397 0.425779 0.659591
v -0.651043 0.309017 0.693291
v -0.672422 0.187381 0.716057
v -0.683197 0.062791 0.727531
v -0.683197 -0.062791 0.727531
v -0.672422 -0.187381 0.716057
v -0.651043 -0.309017 0.693291
v -0.619397 -0.425779 0.659591
v -0.577983 -0.535827 0.615489
v -0.527453 -0.637424 0.561681
v -0.468605 -0.728969 0.499014
v -0.402367 -0.809017 0.428477
v -0.329783 -0.876307 0.351184
v -0.251999 -0.929776 0.268351
v -0.170240 -0.968583 0.181287
v -0.085797 -0.992115 0.091364
v -0.096571 0.992115 0.079890
v -0.191619 0.968583 0.158521
v -0.283645 0.929776 0.234652
v -0.371198 0.876307 0.307082
v -0.452897 0.809017 0.374669
v -0.527453 0.728969 0.436347
v -0.593691 0.637424 0.491144
v -0.650566 0.535827 0.538195
v -0.697182 0.425779 0.576759
v -0.732802 0.309017 0.606227
v -0.756866 0.187381 0.626134
v -0.768994 0.062791 0.636167
v -0.768994 -0.062791 0.636167
v -0.756866 -0.187381 0.626134
v -0.732802 -0.309017 0.606227
v -0.697182 -0.425779 0.576759
v -0.650566 -0.535827 0.538195
v -0.593691 -0.637424 0.491144
v -0.527453 -0.728969 0.436347
v -0.452897 -0.809017 0.374669
v -0.371198 -0.876307 0.307082
v -0.283645 -0.929776 0.234652
v -0.191619 -0.968583 0.158521
v -0.096571 -0.992115 0.079890
v -0.105822 0.992115 0.067157
v -0.209976 0.968583 0.133255
v -0.310818 0.929776 0.197251
v -0.406758 0.876307 0.258137
v -0.496284 0.809017 0.314951
v -0.577983 0.728969 0.366799
v -0.650566 0.637424 0.412862
v -0.712890 0.535827 0.452414
v -0.763971 0.425779 0.484831
v -0.803004 0.309017 0.509602
v -0.829373 0.187381 0.526336
v -0.842663 0.062791 0.534770
v -0.842663 -0.062791 0.534770
v -0.829373 -0.187381 0.526336
v -0.803004 -0.309017 0.509602
v -0.763971 -0.425779 0.484831
v -0.712890 -0.535827 0.452414
v -0.650566 -0.637424 0.412862
v -0.577983 -0.728969 0.366799
v -0.496284 -0.809017 0.314951
v -0.406758 -0.876307 0.258137
v -0.310818 -0.929776 0.197251
v -0.209976 -0.968583 0.133255
v -0.105822 -0.992115 0.067157
v -0.113405 0.992115 0.053364
v -0.225022 0.968583 0.105887
v -0.333089 0.929776 0.156740
v -0.435904 0.876307 0.205121
v -0.531844 0.809017 0.250267
v -0.619397 0.728969 0.291466
v -0.697182 0.637424 0.328069
v -0.763971 0.535827 0.359498
v -0.818713 0.425779 0.385257
v -0.860542 0.309017 0.404940
v -0.888801 0.187381 0.418238
v -0.903043 0.062791 0.424940
v -0.903043 -0.062791 0.424940
v -0.888801 -0.187381 0.418238
v -0.860542 -0.309017 0.404940
v -0.818713 -0.425779 0.385257
v -0.763971 -0.535827 0.359498
v -0.697182 -0.637424 0.328069
v -0.619397 -0.728969 0.291466
v -0.531844 -0.809017 0.250267
v -0.435904 -0.876307 0.205121
v -0.333089 -0.929776 0.156740
v -0.225022 -0.968583 0.105887
v -0.113405 -0.992115 0.053364
v -0.119199 0.992115 0.038730
v -0.236518 0.968583 0.076850
v -0.350108 0.929776 0.113757
v -0.458175 0.876307 0.148870
v -0.559017 0.809017 0.181636
v -0.651043 0.728969 0.211537
v -0.732802 0.637424 0.238102
v -0.803004 0.535827 0.260912
v -0.860543 0.425779 0.279607
v -0.904509 0.309017 0.293893
v -0.934211 0.187381 0.303544
v -0.949181 0.062791 0.308408
v -0.949181 -0.062791 0.308408
v -0.934211 -0.187381 0.303544
v -0.904509 -0.309017 0.293893
v -0.860543 -0.425779 0.279607
v -0.803004 -0.535827 0.260912
v -0.732802 -0.637424 0.238102
v -0.651043 -0.728969 0.211537
v -0.559017 -0.809017 0.181636
v -0.458175 -0.876307 0.148870
v -0.350108 -0.929776 0.113757
v -0.236518 -0.968583 0.076850
v -0.119199 -0.992115 0.038730
v -0.123113 0.992115 0.023485
v -0.244285 0.968583 0.046600
v -0.361604 0.929776 0.068980
v -0.473221 0.876307 0.090272
v -0.577374 0.809017 0.110140
v -0.672422 0.728969 0.128272
v -0.756866 0.637424 0.144380
v -0.829373 0.535827 0.158212
v -0.888801 0.425779 0.169548
v -0.934211 0.309017 0.178210
v -0.964889 0.187381 0.184063
v -0.980350 0.062791 0.187012
v -0.980350 -0.062791 0.187012
v -0.964889 -0.187381 0.184063
v -0.934211 -0.309017 0.178210
v -0.888801 -0.425779 0.169548
v -0.829373 -0.535827 0.158212
v -0.756866 -0.637424 0.144380
v -0.672422 -0.728969 0.128272
v -0.577374 -0.809017 0.110140
v -0.473221 -0.876307 0.090272
v -0.361604 -0.929776 0.068980
v -0.244285 -0.968583 0.046600
v -0.123113 -0.992115 0.023485
v 0.000000 1.000000 0.000000
v -0.125086 0.992115 0.007870
v -0.248199 0.968583 0.015615
v -0.367398 0.929776 0.023115
v -0.480803 0.876307 0.030250
v -0.586626 0.809017 0.036907
v -0.683197 0.728969 0.042983
v -0.768994 0.637424 0.048381
v -0.842663 0.535827 0.053016
v -0.903043 0.425779 0.056815
v -0.949180 0.309017 0.059717
v -0.980350 0.187381 0.061678
v -0.996059 0.062791 0.062667
v -0.996059 -0.062791 0.062667
v -0.980350 -0.187381 0.061678
v -0.949180 -0.309017 0.059717
v -0.903043 -0.425779 0.056815
v -0.842663 -0.535827 0.053016
v -0.768994 -0.637424 0.048381
v -0.683197 -0.728969 0.042983
v -0.586626 -0.809017 0.036907
v -0.480803 -0.876307 0.030250
v -0.367398 -0.929776 0.023115
v -0.248199 -0.968583 0.015615
v -0.125086 -0.992115 0.007870
v -0.125086 0.992115 -0.007870
v -0.248199 0.968583 -0.015615
v -0.367398 0.929776 -0.023115
v -0.480803 0.876307 -0.030250
v -0.586626 0.809017 -0.036907
v -0.683197 0.728969 -0.042983
v -0.768994 0.637424 -0.048381
v -0.842663 0.535827 -0.053016
v -0.903043 0.425779 -0.056814
v -0.949180 0.309017 -0.059717
v -0.980350 0.187381 -0.061678
v -0.996059 0.062791 -0.062667
v -0.996059 -0.062791 -0.062667
v -0.980350 -0.187381 -0.061678
v -0.949180 -0.309017 -0.059717
v -0.903043 -0.425779 -0.056814
v -0.842663 -0.535827 -0.053016
v -0.768994 -0.637424 -0.048381
v -0.683197 -0.728969 -0.042983
v -0.586626 -0.809017 -0.036907
v -0.480803 -0.876307 -0.030250
v -0.367398 -0.929776 -0.023115
v -0.248199 -0.968583 -0.015615
v -0.125086 -0.992115 -0.007870
v -0.123113 0.992115 -0.023485
v -0.244285 0.968583 -0.046600
v -0.361604 0.929776 -0.068980
v -0.473221 0.876307 -0.090272
v -0.577374 0.809017 -0.110140
v -0.672423 0.728969 -0.128271
v -0.756866 0.637424 -0.144380
v -0.829373 0.535827 -0.158211
v -0.888801 0.425779 -0.169548
v -0.934211 0.309017 -0.178210
v -0.964889 0.187381 -0.184062
v -0.980350 0.062791 -0.187012
v -0.980350 -0.062791 -0.187012
v -0.964889 -0.187381 -0.184062
v -0.934211 -0.309017 -0.178210
v -0.888801 -0.425779 -0.169548
v -0.829373 -0.535827 -0.158211
v -0.756866 -0.637424 -0.144380
v -0.672423 -0.728969 -0.128271
v -0.577374 -0.809017 -0.110140
v -0.473221 -0.876307 -0.090272
v -0.361604 -0.929776 -0.068980
v -0.244285 -0.968583 -0.046600
v -0.123113 -0.992115 -0.023485
v -0.119199 0.992115 -0.038730
v -0.236518 0.968583 -0.076849
v -0.350108 0.929776 -0.113757
v -0.458175 0.876307 -0.148870
v -0.559017 0.809017 -0.181636
v -0.651044 0.728969 -0.211537
v -0.732803 0.637424 -0.238102
v -0.803004 0.535827 -0.260912
v -0.860543 0.425779 -0.279607
v -0.904509 0.309017 -0.293893
v -0.934212 0.187381 -0.303544
v -0.949181 0.062791 -0.308407
v -0.949181 -0.062791 -0.308407
v -0.934212 -0.187381 -0.303544
v -0.904509 -0.309017 -0.293893
v -0.860543 -0.425779 -0.279607
v -0.803004 -0.535827 -0.260912
v -0.732803 -0.637424 -0.238102
v -0.651044 -0.728969 -0.211537
v -0.559017 -0.809017 -0.181636
v -0.458175 -0.876307 -0.148870
v -0.350108 -0.929776 -0.113757
v -0.236518 -0.968583 -0.076849
v -0.119199 -0.992115 -0.038730
v -0.113405 0.992115 -0.053364
v -0.225022 0.968583 -0.105887
v -0.333089 0.929776 -0.156740
v -0.435904 0.876307 -0.205121
v -0.531844 0.809017 -0.250267
v -0.619397 0.728969 -0.291466
v -0.697182 0.637424 -0.328069
v -0.763972 0.535827 -0.359498
v -0.818713 0.425779 -0.385257
v -0.860542 0.309017 -0.404940
v -0.888801 0.187381 -0.418238
v -0.903043 0.062791 -0.424940
v -0.903043 -0.062791 -0.424940
v -0.888801 -0.187381 -0.418238
v -0.860542 -0.309017 -0.404940
v -0.818713 -0.425779 -0.385257
v -0.763972 -0.535827 -0.359498
v -0.697182 -0.637424 -0.328069
v -0.619397 -0.728969 -0.291466
v -0.531844 -0.809017 -0.250267
v -0.435904 -0.876307 -0.205121
v -0.333089 -0.929776 -0.156740
v -0.225022 -0.968583 -0.105887
v -0.113405 -0.992115 -0.053364
v -0.105822 0.992115 -0.067157
v -0.209976 0.968583 -0.133255
v -0.310818 0.929776 -0.197251
v -0.406758 0.876307 -0.258137
v -0.496284 0.809017 -0.314951
v -0.577983 0.728969 -0.366799
v -0.650567 0.637424 -0.412862
v -0.712891 0.535827 -0.452414
v -0.763972 0.425779 -0.484831
v -0.803004 0.309017 -0.509602
v -0.829373 0.187381 -0.526336
v -0.842663 0.062791 -0.534770
v -0.842663 -0.062791 -0.534770
v -0.829373 -0.187381 -0.526336
v -0.803004 -0.309017 -0.509602
v -0.763972 -0.425779 -0.484831
v -0.712891 -0.535827 -0.452414
v -0.650567 -0.637424 -0.412862
v -0.577983 -0.728969 -0.366799
v -0.496284 -0.809017 -0.314951
v -0.406758 -0.876307 -0.258137
v -0.310818 -0.929776 -0.197251
v -0.209976 -0.968583 -0.133255
v -0.105822 -0.992115 -0.067157
v -0.096571 0.992115 -0.079890
v -0.191619 0.968583 -0.158521
v -0.283645 0.929776 -0.234652
v -0.371198 0.876307 -0.307082
v -0.452897 0.809017 -0.374669
v -0.527453 0.728969 -0.436347
v -0.593691 0.637424 -0.491144
v -0.650567 0.535827 -0.538195
v -0.697182 0.425779 -0.576759
v -0.732802 0.309017 -0.606227
v -0.756866 0.187381 -0.626134
v -0.768994 0.062791 -0.636167
v -0.768994 -0.062791 -0.636167
v -0.756866 -0.187381 -0.626134
v -0.732802 -0.309017 -0.606227
v -0.697182 -0.425779 -0.576759
v -0.650567 -0.535827 -0.538195
v -0.593691 -0.637424 -0.491144
v -0.527453 -0.728969 -0.436347
v -0.452897 -0.809017 -0.374669
v -0.371198 -0.876307 -0.307082
v -0.283645 -0.929776 -0.234652
v -0.191619 -0.968583 -0.158521
v -0.096571 -0.992115 -0.079890
v -0.085797 0.992115 -0.091364
v -0.170240 0.968583 -0.181287
v -0.251999 0.929776 -0.268352
v -0.329783 0.876307 -0.351184
v -0.402367 0.809017 -0.428477
v -0.468605 0.728969 -0.499014
v -0.527453 0.637424 -0.561681
v -0.577983 0.535827 -0.615489
v -0.619398 0.425779 -0.659591
v -0.651043 0.309017 -0.693291
v -0.672423 0.187381 -0.716057
v -0.683197 0.062791 -0.727531
v -0.683197 -0.062791 -0.727531
v -0.672423 -0.187381 -0.716057
v -0.651043 -0.309017 -0.693291
v -0.619398 -0.425779 -0.659591
v -0.577983 -0.535827 -0.615489
v -0.527453 -0.637424 -0.561681
v -0.468605 -0.728969 -0.499014
v -0.402367 -0.809017 -0.428477
v -0.329783 -0.876307 -0.351184
v -0.251999 -0.929776 -0.268352
v -0.170240 -0.968583 -0.181287
v -0.085797 -0.992115 -0.091364
v -0.073669 0.992115 -0.101397
v -0.146176 0.968583 -0.201195
v -0.216378 0.929776 -0.297819
v -0.283168 0.876307 -0.389747
v -0.345492 0.809017 -0.475529
v -0.402367 0.728969 -0.553811
v -0.452897 0.637424 -0.623359
v -0.496284 0.535827 -0.683076
v -0.531845 0.425779 -0.732021
v -0.559017 0.309017 -0.769421
v -0.577375 0.187381 -0.794688
v -0.586626 0.062791 -0.807422
v -0.586626 -0.062791 -0.807422
v -0.577375 -0.187381 -0.794688
v -0.559017 -0.309017 -0.769421
v -0.531845 -0.425779 -0.732021
v -0.496284 -0.535827 -0.683076
v -0.452897 -0.637424 -0.623359
v -0.402367 -0.728969 -0.553811
v -0.345492 -0.809017 -0.475529
v -0.283168 -0.876307 -0.389747
v -0.216378 -0.929776 -0.297819
v -0.146176 -0.968583 -0.201195
v -0.073669 -0.992115 -0.101397
v -0.060380 0.992115 -0.109830
v -0.119807 0.968583 -0.217929
v -0.177346 0.929776 -0.322590
v -0.232087 0.876307 -0.422164
v -0.283168 0.809017 -0.515081
v -0.329784 0.728969 -0.599874
v -0.371198 0.637424 -0.675207
v -0.406759 0.535827 -0.739891
v -0.435905 0.425779 -0.792907
v -0.458175 0.309017 -0.833418
v -0.473221 0.187381 -0.860786
v -0.480804 0.062791 -0.874579
v -0.480804 -0.062791 -0.874579
v -0.473221 -0.187381 -0.860786
v -0.458175 -0.309017 -0.833418
v -0.435905 -0.425779 -0.792907
v -0.406759 -0.535827 -0.739891
v -0.371198 -0.637424 -0.675207
v -0.329784 -0.728969 -0.599874
v -0.283168 -0.809017 -0.515081
v -0.232087 -0.876307 -0.422164
v -0.177346 -0.929776 -0.322590
v -0.119807 -0.968583 -0.217929
v -0.060380 -0.992115 -0.109830
v -0.046138 0.992115 -0.116532
v -0.091549 0.968583 -0.231226
v -0.135516 0.929776 -0.342274
v -0.177346 0.876307 -0.447924
v -0.216378 0.809017 -0.546509
v -0.251999 0.728969 -0.636476
v -0.283645 0.637424 -0.716406
v -0.310818 0.535827 -0.785037
v -0.333090 0.425779 -0.841288
v -0.350107 0.309017 -0.884271
v -0.361605 0.187381 -0.913309
v -0.367399 0.062791 -0.927943
v -0.367399 -0.062791 -0.927943
v -0.361605 -0.187381 -0.913309
v -0.350107 -0.309017 -0.884271
v -0.333090 -0.425779 -0.841288
v -0.310818 -0.535827 -0.785037
v -0.283645 -0.637424 -0.716406
v -0.251999 -0.728969 -0.636476
v -0.216378 -0.809017 -0.546509
v -0.177346 -0.876307 -0.447924
v -0.135516 -0.929776 -0.342274
v -0.091549 -0.968583 -0.231226
v -0.046138 -0.992115 -0.116532
v -0.031169 0.992115 -0.121396
v -0.061847 0.968583 -0.240877
v -0.091549 0.929776 -0.356560
v -0.119807 0.876307 -0.466619
v -0.146176 0.809017 -0.569319
v -0.170240 0.728969 -0.663042
v -0.191619 0.637424 -0.746307
v -0.209976 0.535827 -0.817803
v -0.225022 0.425779 -0.876401
v -0.236518 0.309017 -0.921178
v -0.244285 0.187381 -0.951428
v -0.248200 0.062791 -0.966673
v -0.248200 -0.062791 -0.966673
v -0.244285 -0.187381 -0.951428
v -0.236518 -0.309017 -0.921178
v -0.225022 -0.425779 -0.876401
v -0.209976 -0.535827 -0.817803
v -0.191619 -0.637424 -0.746307
v -0.170240 -0.728969 -0.663042
v -0.146176 -0.809017 -0.569319
v -0.119807 -0.876307 -0.466619
v -0.091549 -0.929776 -0.356560
v -0.061847 -0.968583 -0.240877
v -0.031169 -0.992115 -0.121396
v -0.015708 0.992115 -0.124345
v -0.031169 0.968583 -0.246729
v -0.046138 0.929776 -0.365222
v -0.060380 0.876307 -0.477955
v -0.073669 0.809017 -0.583151
v -0.085797 0.728969 -0.679150
v -0.096571 0.637424 -0.764439
v -0.105823 0.535827 -0.837671
v -0.113405 0.425779 -0.897693
v -0.119199 0.309017 -0.943558
v -0.123113 0.187381 -0.974543
v -0.125086 0.062791 -0.990159
v -0.125086 -0.062791 -0.990159
v -0.123113 -0.187381 -0.974543
v -0.119199 -0.309017 -0.943558
v -0.113405 -0.425779 -0.897693
v -0.105823 -0.535827 -0.837671
v -0.096571 -0.637424 -0.764439
v -0.085797 -0.728969 -0.679150
v -0.073669 -0.809017 -0.583151
v -0.060380 -0.876307 -0.477955
v -0.046138 -0.929776 -0.365222
v -0.031169 -0.968583 -0.246729
v -0.015708 -0.992115 -0.124345
v -0.000000 0.992115 -0.125333
v -0.000000 0.968583 -0.248690
v -0.000000 0.876307 -0.481754
v -0.000000 0.809017 -0.587786
v -0.000000 0.728969 -0.684548
v -0.000000 0.637424 -0.770514
v -0.000000 0.535827 -0.844329
v -0.000000 0.425779 -0.904828
v 0.000000 0.309017 -0.951057
v -0.000000 0.187381 -0.982288
v -0.000000 0.062791 -0.998028
v -0.000000 -0.062791 -0.998028
v -0.000000 -0.187381 -0.982288
v -0.000000 -0.425779 -0.904828
v -0.000000 -0.535827 -0.844329
v -0.000000 -0.637424 -0.770514
v -0.000000 -0.728969 -0.684548
v -0.000000 -0.809017 -0.587786
v -0.000000 -0.876307 -0.481754
v -0.000000 -0.968583 -0.248690
v -0.000000 -0.992115 -0.125333
vn -0.0000 0.9289 -0.3703
vn -0.0000 -0.3083 -0.9513
vn -0.0000 -0.9289 -0.3703
vn 0.0160 0.9918 -0.1268
vn 0.0315 0.9680 -0.2491
vn 0.0464 0.9289 -0.3674
vn 0.0606 0.8752 -0.4799
vn 0.0739 0.8078 -0.5848
vn 0.0860 0.7277 -0.6805
vn 0.0967 0.6362 -0.7654
vn 0.1059 0.5347 -0.8384
vn 0.1135 0.4248 -0.8981
vn 0.1192 0.3083 -0.9438
vn 0.1231 0.1869 -0.9746
vn 0.1251 0.0626 -0.9902
vn 0.1251 -0.0626 -0.9902
vn 0.1231 -0.1869 -0.9746
vn 0.1192 -0.3083 -0.9438
vn 0.1135 -0.4248 -0.8981
vn 0.1059 -0.5347 -0.8384
vn 0.0967 -0.6362 -0.7654
vn 0.0860 -0.7277 -0.6805
vn 0.0739 -0.8078 -0.5848
vn 0.0606 -0.8752 -0.4799
vn 0.0464 -0.9289 -0.3674
vn 0.0315 -0.9680 -0.2491
vn 0.0160 -0.9918 -0.1268
vn 0.0318 0.9918 -0.1238
vn 0.0624 0.9680 -0.2432
vn 0.0921 0.9289 -0.3587
vn 0.1203 0.8752 -0.4685
vn 0.1466 0.8078 -0.5709
vn 0.1706 0.7277 -0.6643
vn 0.1919 0.6362 -0.7473
vn 0.2102 0.5347 -0.8185
vn 0.2251 0.4248 -0.8768
vn 0.2366 0.3083 -0.9214
vn 0.2443 0.1869 -0.9515
vn 0.2482 0.0626 -0.9667
vn 0.2482 -0.0626 -0.9667
vn 0.2443 -0.1869 -0.9515
vn 0.2366 -0.3083 -0.9214
vn 0.2251 -0.4248 -0.8768
vn 0.2102 -0.5347 -0.8185
vn 0.1919 -0.6362 -0.7473
vn 0.1706 -0.7277 -0.6643
vn 0.1466 -0.8078 -0.5709
vn 0.1203 -0.8752 -0.4685
vn 0.0921 -0.9289 -0.3587
vn 0.0624 -0.9680 -0.2432
vn 0.0318 -0.9918 -0.1238
vn 0.0470 0.9918 -0.1188
vn 0.0924 0.9680 -0.2334
vn 0.1363 0.9289 -0.3443
vn 0.1781 0.8752 -0.4497
vn 0.2170 0.8078 -0.5480
vn 0.2525 0.7277 -0.6377
vn 0.2840 0.6362 -0.7173
vn 0.3111 0.5347 -0.7857
vn 0.3333 0.4248 -0.8417
vn 0.3502 0.3083 -0.8845
vn 0.3616 0.1869 -0.9134
vn 0.3674 0.0626 -0.9280
vn 0.3674 -0.0626 -0.9280
vn 0.3616 -0.1869 -0.9134
vn 0.3502 -0.3083 -0.8845
vn 0.3333 -0.4248 -0.8417
vn 0.3111 -0.5347 -0.7857
vn 0.2840 -0.6362 -0.7173
vn 0.2525 -0.7277 -0.6377
vn 0.2170 -0.8078 -0.5480
vn 0.1781 -0.8752 -0.4497
vn 0.1363 -0.9289 -0.3443
vn 0.0924 -0.9680 -0.2334
vn 0.0470 -0.9918 -0.1188
vn 0.0616 0.9918 -0.1120
vn 0.1209 0.9680 -0.2200
vn 0.1784 0.9289 -0.3245
vn 0.2330 0.8752 -0.4238
vn 0.2840 0.8078 -0.5165
vn 0.3304 0.7277 -0.6010
vn 0.3717 0.6362 -0.6761
vn 0.4071 0.5347 -0.7405
vn 0.4361 0.4248 -0.7933
vn 0.4583 0.3083 -0.8336
vn 0.4733 0.1869 -0.8609
vn 0.4808 0.0626 -0.8746
vn 0.4808 -0.0626 -0.8746
vn 0.4733 -0.1869 -0.8609
vn 0.4583 -0.3083 -0.8336
vn 0.4361 -0.4248 -0.7933
vn 0.4071 -0.5347 -0.7405
vn 0.3717 -0.6362 -0.6761
vn 0.3304 -0.7277 -0.6010
vn 0.2840 -0.8078 -0.5165
vn 0.2330 -0.8752 -0.4238
vn 0.1784 -0.9289 -0.3245
vn 0.1209 -0.9680 -0.2200
vn 0.0616 -0.9918 -0.1120
vn 0.0751 0.9918 -0.1034
vn 0.1476 0.9680 -0.2031
vn 0.2177 0.9289 -0.2996
vn 0.2843 0.8752 -0.3913
vn 0.3465 0.8078 -0.4769
vn 0.4031 0.7277 -0.5549
vn 0.4535 0.6362 -0.6242
vn 0.4967 0.5347 -0.6837
vn 0.5321 0.4248 -0.7324
vn 0.5592 0.3083 -0.7696
vn 0.5774 0.1869 -0.7948
vn 0.5866 0.0626 -0.8074
vn 0.5866 -0.0626 -0.8074
vn 0.5774 -0.1869 -0.7948
vn 0.5592 -0.3083 -0.7696
vn 0.5321 -0.4248 -0.7324
vn 0.4967 -0.5347 -0.6837
vn 0.4535 -0.6362 -0.6242
vn 0.4031 -0.7277 -0.5549
vn 0.3465 -0.8078 -0.4769
vn 0.2843 -0.8752 -0.3913
vn 0.2177 -0.9289 -0.2996
vn 0.1476 -0.9680 -0.2031
vn 0.0751 -0.9918 -0.1034
vn 0.0875 0.9918 -0.0932
vn 0.1719 0.9680 -0.1830
vn 0.2535 0.9289 -0.2699
vn 0.3311 0.8752 -0.3526
vn 0.4035 0.8078 -0.4297
vn 0.4695 0.7277 -0.5000
vn 0.5281 0.6362 -0.5624
vn 0.5785 0.5347 -0.6160
vn 0.6197 0.4248 -0.6599
vn 0.6512 0.3083 -0.6935
vn 0.6725 0.1869 -0.7161
vn 0.6832 0.0626 -0.7275
vn 0.6832 -0.0626 -0.7275
vn 0.6725 -0.1869 -0.7161
vn 0.6512 -0.3083 -0.6935
vn 0.6197 -0.4248 -0.6599
vn 0.5785 -0.5347 -0.6160
vn 0.5281 -0.6362 -0.5624
vn 0.4695 -0.7277 -0.5000
vn 0.4035 -0.8078 -0.4297
vn 0.3311 -0.8752 -0.3526
vn 0.2535 -0.9289 -0.2699
vn 0.1719 -0.9680 -0.1830
vn 0.0875 -0.9918 -0.0932
vn 0.0985 0.9918 -0.0815
vn 0.1934 0.9680 -0.1600
vn 0.2853 0.9289 -0.2360
vn 0.3727 0.8752 -0.3083
vn 0.4542 0.8078 -0.3757
vn 0.5285 0.7277 -0.4372
vn 0.5945 0.6362 -0.4918
vn 0.6511 0.5347 -0.5387
vn 0.6975 0.4248 -0.5770
vn 0.7330 0.3083 -0.6064
vn 0.7569 0.1869 -0.6262
vn 0.7690 0.0626 -0.6362
vn 0.7690 -0.0626 -0.6362
vn 0.7569 -0.1869 -0.6262
vn 0.7330 -0.3083 -0.6064
vn 0.6975 -0.4248 -0.5770
vn 0.6511 -0.5347 -0.5387
vn 0.5945 -0.6362 -0.4918
vn 0.5285 -0.7277 -0.4372
vn 0.4542 -0.8078 -0.3757
vn 0.3727 -0.8752 -0.3083
vn 0.2853 -0.9289 -0.2360
vn 0.1934 -0.9680 -0.1600
vn 0.0985 -0.9918 -0.0815
vn 0.1079 0.9918 -0.0685
vn 0.2120 0.9680 -0.1345
vn 0.3126 0.9289 -0.1984
vn 0.4084 0.8752 -0.2592
vn 0.4977 0.8078 -0.3158
vn 0.5791 0.7277 -0.3675
vn 0.6514 0.6362 -0.4134
vn 0.7135 0.5347 -0.4528
vn 0.7644 0.4248 -0.4851
vn 0.8032 0.3083 -0.5097
vn 0.8294 0.1869 -0.5264
vn 0.8427 0.0626 -0.5348
vn 0.8427 -0.0626 -0.5348
vn 0.8294 -0.1869 -0.5264
vn 0.8032 -0.3083 -0.5097
vn 0.7644 -0.4248 -0.4851
vn 0.7135 -0.5347 -0.4528
vn 0.6514 -0.6362 -0.4134
vn 0.5791 -0.7277 -0.3675
vn 0.4977 -0.8078 -0.3158
vn 0.4084 -0.8752 -0.2592
vn 0.3126 -0.9289 -0.1984
vn 0.2120 -0.9680 -0.1345
vn 0.1079 -0.9918 -0.0685
vn -0.0000 -1.0000 -0.0000
vn 0.1156 0.9918 -0.0544
vn 0.2271 0.9680 -0.1069
vn 0.3350 0.9289 -0.1577
vn 0.4376 0.8752 -0.2059
vn 0.5333 0.8078 -0.2510
vn 0.6206 0.7277 -0.2920
vn 0.6981 0.6362 -0.3285
vn 0.7646 0.5347 -0.3598
vn 0.8191 0.4248 -0.3854
vn 0.8608 0.3083 -0.4050
vn 0.8889 0.1869 -0.4183
vn 0.9031 0.0626 -0.4249
vn 0.9031 -0.0626 -0.4249
vn 0.8889 -0.1869 -0.4183
vn 0.8608 -0.3083 -0.4050
vn 0.8191 -0.4248 -0.3854
vn 0.7646 -0.5347 -0.3598
vn 0.6981 -0.6362 -0.3285
vn 0.6206 -0.7277 -0.2920
vn 0.5333 -0.8078 -0.2510
vn 0.4376 -0.8752 -0.2059
vn 0.3350 -0.9289 -0.1577
vn 0.2271 -0.9680 -0.1069
vn 0.1156 -0.9918 -0.0544
vn 0.1215 0.9918 -0.0395
vn 0.2388 0.9680 -0.0776
vn 0.3522 0.9289 -0.1144
vn 0.4600 0.8752 -0.1495
vn 0.5606 0.8078 -0.1821
vn 0.6523 0.7277 -0.2119
vn 0.7338 0.6362 -0.2384
vn 0.8037 0.5347 -0.2611
vn 0.8610 0.4248 -0.2797
vn 0.9047 0.3083 -0.2940
vn 0.9343 0.1869 -0.3036
vn 0.9492 0.0626 -0.3084
vn 0.9492 -0.0626 -0.3084
vn 0.9343 -0.1869 -0.3036
vn 0.9047 -0.3083 -0.2940
vn 0.8610 -0.4248 -0.2797
vn 0.8037 -0.5347 -0.2611
vn 0.7338 -0.6362 -0.2384
vn 0.6523 -0.7277 -0.2119
vn 0.5606 -0.8078 -0.1821
vn 0.4600 -0.8752 -0.1495
vn 0.3522 -0.9289 -0.1144
vn 0.2388 -0.9680 -0.0776
vn 0.1215 -0.9918 -0.0395
vn 0.1255 0.9918 -0.0239
vn 0.2466 0.9680 -0.0470
vn 0.3637 0.9289 -0.0694
vn 0.4751 0.8752 -0.0906
vn 0.5790 0.8078 -0.1104
vn 0.6737 0.7277 -0.1285
vn 0.7579 0.6362 -0.1446
vn 0.8301 0.5347 -0.1583
vn 0.8892 0.4248 -0.1696
vn 0.9344 0.3083 -0.1783
vn 0.9650 0.1869 -0.1841
vn 0.9804 0.0626 -0.1870
vn 0.9804 -0.0626 -0.1870
vn 0.9650 -0.1869 -0.1841
vn 0.9344 -0.3083 -0.1783
vn 0.8892 -0.4248 -0.1696
vn 0.8301 -0.5347 -0.1583
vn 0.7579 -0.6362 -0.1446
vn 0.6737 -0.7277 -0.1285
vn 0.5790 -0.8078 -0.1104
vn 0.4751 -0.8752 -0.0906
vn 0.3637 -0.9289 -0.0694
vn 0.2466 -0.9680 -0.0470
vn 0.1255 -0.9918 -0.0239
vn 0.1276 0.9918 -0.0080
vn 0.2505 0.9680 -0.0158
vn 0.3696 0.9289 -0.0233
vn 0.4827 0.8752 -0.0304
vn 0.5883 0.8078 -0.0370
vn 0.6845 0.7277 -0.0431
vn 0.7700 0.6362 -0.0484
vn 0.8434 0.5347 -0.0531
vn 0.9035 0.4248 -0.0568
vn 0.9494 0.3083 -0.0597
vn 0.9804 0.1869 -0.0617
vn 0.9961 0.0626 -0.0627
vn 0.9961 -0.0626 -0.0627
vn 0.9804 -0.1869 -0.0617
vn 0.9494 -0.3083 -0.0597
vn 0.9035 -0.4248 -0.0568
vn 0.8434 -0.5347 -0.0531
vn 0.7700 -0.6362 -0.0484
vn 0.6845 -0.7277 -0.0431
vn 0.5883 -0.8078 -0.0370
vn 0.4827 -0.8752 -0.0304
vn 0.3696 -0.9289 -0.0233
vn 0.2505 -0.9680 -0.0158
vn 0.1275 -0.9918 -0.0080
vn 0.1275 0.9918 0.0080
vn 0.2505 0.9680 0.0158
vn 0.3696 0.9289 0.0233
vn 0.4827 0.8752 0.0304
vn 0.5883 0.8078 0.0370
vn 0.6845 0.7277 0.0431
vn 0.7700 0.6362 0.0484
vn 0.8434 0.5347 0.0531
vn 0.9035 0.4248 0.0568
vn 0.9494 0.3083 0.0597
vn 0.9804 0.1869 0.0617
vn 0.9961 0.0626 0.0627
vn 0.9961 -0.0626 0.0627
vn 0.9804 -0.1869 0.0617
vn 0.9494 -0.3083 0.0597
vn 0.9035 -0.4248 0.0568
vn 0.8434 -0.5347 0.0531
vn 0.7700 -0.6362 0.0484
vn 0.6845 -0.7277 0.0431
vn 0.5883 -0.8078 0.0370
vn 0.4827 -0.8752 0.0304
vn 0.3696 -0.9289 0.0233
vn 0.2505 -0.9680 0.0158
vn 0.1275 -0.9918 0.0080
vn 0.1255 0.9918 0.0239
vn 0.2466 0.9680 0.0470
vn 0.3637 0.9289 0.0694
vn 0.4751 0.8752 0.0906
vn 0.5790 0.8078 0.1104
vn 0.6737 0.7277 0.1285
vn 0.7579 0.6362 0.1446
vn 0.8301 0.5347 0.1583
vn 0.8892 0.4248 0.1696
vn 0.9344 0.3083 0.1783
vn 0.9650 0.1869 0.1841
vn 0.9804 0.0626 0.1870
vn 0.9804 -0.0626 0.1870
vn 0.9650 -0.1869 0.1841
vn 0.9344 -0.3083 0.1783
vn 0.8892 -0.4248 0.1696
vn 0.8301 -0.5347 0.1583
vn 0.7579 -0.6362 0.1446
vn 0.6737 -0.7277 0.1285
vn 0.5790 -0.8078 0.1104
vn 0.4751 -0.8752 0.0906
vn 0.3637 -0.9289 0.0694
vn 0.2466 -0.9680 0.0470
vn 0.1255 -0.9918 0.0239
vn 0.1215 0.9918 0.0395
vn 0.2388 0.9680 0.0776
vn 0.3522 0.9289 0.1144
vn 0.4600 0.8752 0.1495
vn 0.5606 0.8078 0.1821
vn 0.6523 0.7277 0.2119
vn 0.7338 0.6362 0.2384
vn 0.8037 0.5347 0.2611
vn 0.8610 0.4248 0.2797
vn 0.9047 0.3083 0.2940
vn 0.9343 0.1869 0.3036
vn 0.9492 0.0626 0.3084
vn 0.9492 -0.0626 0.3084
vn 0.9343 -0.1869 0.3036
vn 0.9047 -0.3083 0.2940
vn 0.8610 -0.4248 0.2797
vn 0.8037 -0.5347 0.2611
vn 0.7338 -0.6362 0.2384
vn 0.6523 -0.7277 0.2119
vn 0.5606 -0.8078 0.1821
vn 0.4600 -0.8752 0.1495
vn 0.3522 -0.9289 0.1144
vn 0.2388 -0.9680 0.0776
vn 0.1215 -0.9918 0.0395
vn 0.1156 0.9918 0.0544
vn 0.2271 0.9680 0.1069
vn 0.3350 0.9289 0.1577
vn 0.4376 0.8752 0.2059
vn 0.5333 0.8078 0.2510
vn 0.6206 0.7277 0.2920
vn 0.6981 0.6362 0.3285
vn 0.7646 0.5347 0.3598
vn 0.8191 0.4248 0.3854
vn 0.8608 0.3083 0.4050
vn 0.8889 0.1869 0.4183
vn 0.9031 0.0626 0.4249
vn 0.9031 -0.0626 0.4249
vn 0.8889 -0.1869 0.4183
vn 0.8608 -0.3083 0.4050
vn 0.8191 -0.4248 0.3854
vn 0.7646 -0.5347 0.3598
vn 0.6981 -0.6362 0.3285
vn 0.6206 -0.7277 0.2920
vn 0.5333 -0.8078 0.2510
vn 0.4376 -0.8752 0.2059
vn 0.3350 -0.9289 0.1577
vn 0.2271 -0.9680 0.1069
vn 0.1156 -0.9918 0.0544
vn 0.1079 0.9918 0.0685
vn 0.2120 0.9680 0.1345
vn 0.3126 0.9289 0.1984
vn 0.4084 0.8752 0.2592
vn 0.4977 0.8078 0.3158
vn 0.5791 0.7277 0.3675
vn 0.6514 0.6362 0.4134
vn 0.7135 0.5347 0.4528
vn 0.7644 0.4248 0.4851
vn 0.8032 0.3083 0.5097
vn 0.8294 0.1869 0.5264
vn 0.8427 0.0626 0.5348
vn 0.8427 -0.0626 0.5348
vn 0.8294 -0.1869 0.5264
vn 0.8032 -0.3083 0.5097
vn 0.7644 -0.4248 0.4851
vn 0.7135 -0.5347 0.4528
vn 0.6514 -0.6362 0.4134
vn 0.5791 -0.7277 0.3675
vn 0.4977 -0.8078 0.3158
vn 0.4084 -0.8752 0.2592
vn 0.3126 -0.9289 0.1984
vn 0.2120 -0.9680 0.1345
vn 0.1079 -0.9918 0.0685
vn 0.0985 0.9918 0.0815
vn 0.1934 0.9680 0.1600
vn 0.2853 0.9289 0.2360
vn 0.3727 0.8752 0.3083
vn 0.4542 0.8078 0.3757
vn 0.5285 0.7277 0.4372
vn 0.5945 0.6362 0.4918
vn 0.6511 0.5347 0.5387
vn 0.6975 0.4248 0.5770
vn 0.7330 0.3083 0.6064
vn 0.7569 0.1869 0.6262
vn 0.7690 0.0626 0.6362
vn 0.7690 -0.0626 0.6362
vn 0.7569 -0.1869 0.6262
vn 0.7330 -0.3083 0.6064
vn 0.6975 -0.4248 0.5770
vn 0.6511 -0.5347 0.5387
vn 0.5945 -0.6362 0.4918
vn 0.5285 -0.7277 0.4372
vn 0.4542 -0.8078 0.3757
vn 0.3727 -0.8752 0.3083
vn 0.2853 -0.9289 0.2360
vn 0.1934 -0.9680 0.1600
vn 0.0985 -0.9918 0.0815
vn 0.0875 0.9918 0.0932
vn 0.1719 0.9680 0.1830
vn 0.2535 0.9289 0.2699
vn 0.3311 0.8752 0.3526
vn 0.4035 0.8078 0.4297
vn 0.4695 0.7277 0.5000
vn 0.5281 0.6362 0.5624
vn 0.5785 0.5347 0.6160
vn 0.6197 0.4248 0.6599
vn 0.6512 0.3083 0.6935
vn 0.6725 0.1869 0.7161
vn 0.6832 0.0626 0.7275
vn 0.6832 -0.0626 0.7275
vn 0.6725 -0.1869 0.7161
vn 0.6512 -0.3083 0.6935
vn 0.6197 -0.4248 0.6599
vn 0.5785 -0.5347 0.6160
vn 0.5281 -0.6362 0.5624
vn 0.4695 -0.7277 0.5000
vn 0.4035 -0.8078 0.4297
vn 0.3311 -0.8752 0.3526
vn 0.2535 -0.9289 0.2699
vn 0.1719 -0.9680 0.1830
vn 0.0875 -0.9918 0.0932
vn 0.0751 0.9918 0.1034
vn 0.1476 0.9680 0.2031
vn 0.2177 0.9289 0.2996
vn 0.2843 0.8752 0.3913
vn 0.3465 0.8078 0.4769
vn 0.4031 0.7277 0.5549
vn 0.4535 0.6362 0.6242
vn 0.4967 0.5347 0.6837
vn 0.5321 0.4248 0.7324
vn 0.5592 0.3083 0.7696
vn 0.5774 0.1869 0.7948
vn 0.5866 0.0626 0.8074
vn 0.5866 -0.0626 0.8074
vn 0.5774 -0.1869 0.7948
vn 0.5592 -0.3083 0.7696
vn 0.5321 -0.4248 0.7324
vn 0.4967 -0.5347 0.6837
vn 0.4535 -0.6362 0.6242
vn 0.4031 -0.7277 0.5549
vn 0.3465 -0.8078 0.4769
vn 0.2843 -0.8752 0.3913
vn 0.2177 -0.9289 0.2996
vn 0.1476 -0.9680 0.2031
vn 0.0751 -0.9918 0.1034
vn 0.0616 0.9918 0.1120
vn 0.1209 0.9680 0.2200
vn 0.1784 0.9289 0.3245
vn 0.2330 0.8752 0.4238
vn 0.2840 0.8078 0.5165
vn 0.3304 0.7277 0.6010
vn 0.3717 0.6362 0.6761
vn 0.4071 0.5347 0.7405
vn 0.4361 0.4248 0.7933
vn 0.4583 0.3083 0.8336
vn 0.4733 0.1869 0.8609
vn 0.4808 0.0626 0.8746
vn 0.4808 -0.0626 0.8746
vn 0.4733 -0.1869 0.8609
vn 0.4583 -0.3083 0.8336
vn 0.4361 -0.4248 0.7933
vn 0.4071 -0.5347 0.7405
vn 0.3717 -0.6362 0.6761
vn 0.3304 -0.7277 0.6010
vn 0.2840 -0.8078 0.5165
vn 0.2330 -0.8752 0.4238
vn 0.1784 -0.9289 0.3245
vn 0.1209 -0.9680 0.2200
vn 0.0616 -0.9918 0.1120
vn 0.0470 0.9918 0.1188
vn 0.0924 0.9680 0.2334
vn 0.1363 0.9289 0.3443
vn 0.1781 0.8752 0.4497
vn 0.2170 0.8078 0.5480
vn 0.2525 0.7277 0.6377
vn 0.2840 0.6362 0.7173
vn 0.3111 0.5347 0.7857
vn 0.3333 0.4248 0.8417
vn 0.3502 0.3083 0.8845
vn 0.3616 0.1869 0.9134
vn 0.3674 0.0626 0.9280
vn 0.3674 -0.0626 0.9280
vn 0.3616 -0.1869 0.9134
vn 0.3502 -0.3083 0.8845
vn 0.3333 -0.4248 0.8417
vn 0.3111 -0.5347 0.7857
vn 0.2840 -0.6362 0.7173
vn 0.2525 -0.7277 0.6377
vn 0.2170 -0.8078 0.5480
vn 0.1781 -0.8752 0.4497
vn 0.1363 -0.9289 0.3443
vn 0.0924 -0.9680 0.2334
vn 0.0470 -0.9918 0.1188
vn 0.0318 0.9918 0.1238
vn 0.0624 0.9680 0.2432
vn 0.0921 0.9289 0.3587
vn 0.1203 0.8752 0.4685
vn 0.1466 0.8078 0.5709
vn 0.1706 0.7277 0.6643
vn 0.1919 0.6362 0.7473
vn 0.2102 0.5347 0.8185
vn 0.2251 0.4248 0.8768
vn 0.2366 0.3083 0.9214
vn 0.2443 0.1869 0.9515
vn 0.2482 0.0626 0.9667
vn 0.2482 -0.0626 0.9667
vn 0.2443 -0.1869 0.9515
vn 0.2366 -0.3083 0.9214
vn 0.2251 -0.4248 0.8768
vn 0.2102 -0.5347 0.8185
vn 0.1919 -0.6362 0.7473
vn 0.1706 -0.7277 0.6643
vn 0.1466 -0.8078 0.5709
vn 0.1203 -0.8752 0.4685
vn 0.0921 -0.9289 0.3587
vn 0.0624 -0.9680 0.2432
vn 0.0318 -0.9918 0.1238
vn 0.0160 0.9918 0.1268
vn 0.0315 0.9680 0.2491
vn 0.0464 0.9289 0.3674
vn 0.0606 0.8752 0.4799
vn 0.0739 0.8078 0.5848
vn 0.0860 0.7277 0.6805
vn 0.0967 0.6362 0.7654
vn 0.1059 0.5347 0.8384
vn 0.1135 0.4248 0.8981
vn 0.1192 0.3083 0.9438
vn 0.1231 0.1869 0.9746
vn 0.1251 0.0626 0.9902
vn 0.1251 -0.0626 0.9902
vn 0.1231 -0.1869 0.9746
vn 0.1192 -0.3083 0.9438
vn 0.1135 -0.4248 0.8981
vn 0.1059 -0.5347 0.8384
vn 0.0967 -0.6362 0.7654
vn 0.0860 -0.7277 0.6805
vn 0.0739 -0.8078 0.5848
vn 0.0606 -0.8752 0.4799
vn 0.0464 -0.9289 0.3674
vn 0.0315 -0.9680 0.2491
vn 0.0160 -0.9918 0.1268
vn -0.0000 0.9918 0.1278
vn -0.0000 0.9680 0.2510
vn -0.0000 0.9289 0.3703
vn -0.0000 0.8752 0.4837
vn -0.0000 0.8078 0.5894
vn -0.0000 0.7277 0.6859
vn -0.0000 0.6362 0.7715
vn -0.0000 0.5347 0.8450
vn -0.0000 0.4248 0.9053
vn -0.0000 0.3083 0.9513
vn -0.0000 0.1869 0.9824
vn -0.0000 0.0626 0.9980
vn -0.0000 -0.0626 0.9980
vn -0.0000 -0.1869 0.9824
vn -0.0000 -0.3083 0.9513
vn -0.0000 -0.4248 0.9053
vn -0.0000 -0.5347 0.8450
vn -0.0000 -0.6362 0.7715
vn -0.0000 -0.7277 0.6859
vn -0.0000 -0.8078 0.5894
vn -0.0000 -0.8752 0.4837
vn -0.0000 -0.9289 0.3703
vn -0.0000 -0.9680 0.2510
vn -0.0000 -0.9918 0.1278
vn -0.0160 0.9918 0.1268
vn -0.0315 0.9680 0.2491
vn -0.0464 0.9289 0.3674
vn -0.0606 0.8752 0.4799
vn -0.0739 0.8078 0.5848
vn -0.0860 0.7277 0.6805
vn -0.0967 0.6362 0.7654
vn -0.1059 0.5347 0.8384
vn -0.1135 0.4248 0.8981
vn -0.1192 0.3083 0.9438
vn -0.1231 0.1869 0.9746
vn -0.1251 0.0626 0.9902
vn -0.1251 -0.0626 0.9902
vn -0.1231 -0.1869 0.9746
vn -0.1192 -0.3083 0.9438
vn -0.1135 -0.4248 0.8981
vn -0.1059 -0.5347 0.8384
vn -0.0967 -0.6362 0.7654
vn -0.0860 -0.7277 0.6805
vn -0.0739 -0.8078 0.5848
vn -0.0606 -0.8752 0.4799
vn -0.0464 -0.9289 0.3674
vn -0.0315 -0.9680 0.2491
vn -0.0160 -0.9918 0.1268
vn -0.0318 0.9918 0.1238
vn -0.0624 0.9680 0.2432
vn -0.0921 0.9289 0.3587
vn -0.1203 0.8752 0.4685
vn -0.1466 0.8078 0.5709
vn -0.1706 0.7277 0.6643
vn -0.1919 0.6362 0.7473
vn -0.2102 0.5347 0.8185
vn -0.2251 0.4248 0.8768
vn -0.2366 0.3083 0.9214
vn -0.2443 0.1869 0.9515
vn -0.2482 0.0626 0.9667
vn -0.2482 -0.0626 0.9667
vn -0.2443 -0.1869 0.9515
vn -0.2366 -0.3083 0.9214
vn -0.2251 -0.4248 0.8768
vn -0.2102 -0.5347 0.8185
vn -0.1919 -0.6362 0.7473
vn -0.1706 -0.7277 0.6643
vn -0.1466 -0.8078 0.5709
vn -0.1203 -0.8752 0.4685
vn -0.0921 -0.9289 0.3587
vn -0.0624 -0.9680 0.2432
vn -0.0318 -0.9918 0.1238
vn -0.0470 0.9918 0.1188
vn -0.0924 0.9680 0.2334
vn -0.1363 0.9289 0.3443
vn -0.1781 0.8752 0.4497
vn -0.2170 0.8078 0.5480
vn -0.2525 0.7277 0.6377
vn -0.2840 0.6362 0.7173
vn -0.3111 0.5347 0.7857
vn -0.3333 0.4248 0.8417
vn -0.3502 0.3083 0.8845
vn -0.3616 0.1869 0.9134
vn -0.3674 0.0626 0.9280
vn -0.3674 -0.0626 0.9280
vn -0.3616 -0.1869 0.9134
vn -0.3502 -0.3083 0.8845
vn -0.3333 -0.4248 0.8417
vn -0.3111 -0.5347 0.7857
vn -0.2840 -0.6362 0.7173
vn -0.2525 -0.7277 0.6377
vn -0.2170 -0.8078 0.5480
vn -0.1781 -0.8752 0.4497
vn -0.1363 -0.9289 0.3443
vn -0.0924 -0.9680 0.2334
vn -0.0470 -0.9918 0.1188
vn -0.0616 0.9918 0.1120
vn -0.1209 0.9680 0.2200
vn -0.1784 0.9289 0.3245
vn -0.2330 0.8752 0.4238
vn -0.2840 0.8078 0.5165
vn -0.3304 0.7277 0.6010
vn -0.3717 0.6362 0.6761
vn -0.4071 0.5347 0.7405
vn -0.4361 0.4248 0.7933
vn -0.4583 0.3083 0.8336
vn -0.4733 0.1869 0.8609
vn -0.4808 0.0626 0.8746
vn -0.4808 -0.0626 0.8746
vn -0.4733 -0.1869 0.8609
vn -0.4583 -0.3083 0.8336
vn -0.4361 -0.4248 0.7933
vn -0.4071 -0.5347 0.7405
vn -0.3717 -0.6362 0.6761
vn -0.3304 -0.7277 0.6010
vn -0.2840 -0.8078 0.5165
vn -0.2330 -0.8752 0.4238
vn -0.1784 -0.9289 0.3245
vn -0.1209 -0.9680 0.2200
vn -0.0616 -0.9918 0.1120
vn -0.0751 0.9918 0.1034
vn -0.1476 0.9680 0.2031
vn -0.2177 0.9289 0.2996
vn -0.2843 0.8752 0.3913
vn -0.3465 0.8078 0.4769
vn -0.4031 0.7277 0.5549
vn -0.4535 0.6362 0.6242
vn -0.4967 0.5347 0.6837
vn -0.5321 0.4248 0.7324
vn -0.5592 0.3083 0.7696
vn -0.5774 0.1869 0.7948
vn -0.5866 0.0626 0.8074
vn -0.5866 -0.0626 0.8074
vn -0.5774 -0.1869 0.7948
vn -0.5592 -0.3083 0.7696
vn -0.5321 -0.4248 0.7324
vn -0.4967 -0.5347 0.6837
vn -0.4535 -0.6362 0.6242
vn -0.4031 -0.7277 0.5549
vn -0.3465 -0.8078 0.4769
vn -0.2843 -0.8752 0.3913
vn -0.2177 -0.9289 0.2996
vn -0.1476 -0.9680 0.2031
vn -0.0751 -0.9918 0.1034
vn -0.0875 0.9918 0.0932
vn -0.1718 0.9680 0.1830
vn -0.2535 0.9289 0.2699
vn -0.3311 0.8752 0.3526
vn -0.4035 0.8078 0.4297
vn -0.4695 0.7277 0.5000
vn -0.5281 0.6362 0.5624
vn -0.5785 0.5347 0.6160
vn -0.6197 0.4248 0.6599
vn -0.6512 0.3083 0.6935
vn -0.6725 0.1869 0.7161
vn -0.6832 0.0626 0.7275
vn -0.6832 -0.0626 0.7275
vn -0.6725 -0.1869 0.7161
vn -0.6512 -0.3083 0.6935
vn -0.6197 -0.4248 0.6599
vn -0.5785 -0.5347 0.6160
vn -0.5281 -0.6362 0.5624
vn -0.4695 -0.7277 0.5000
vn -0.4035 -0.8078 0.4297
vn -0.3311 -0.8752 0.3526
vn -0.2535 -0.9289 0.2699
vn -0.1718 -0.9680 0.1830
vn -0.0875 -0.9918 0.0932
vn -0.0985 0.9918 0.0815
vn -0.1934 0.9680 0.1600
vn -0.2853 0.9289 0.2360
vn -0.3727 0.8752 0.3083
vn -0.4542 0.8078 0.3757
vn -0.5285 0.7277 0.4372
vn -0.5945 0.6362 0.4918
vn -0.6511 0.5347 0.5387
vn -0.6975 0.4248 0.5770
vn -0.7330 0.3083 0.6064
vn -0.7569 0.1869 0.6262
vn -0.7690 0.0626 0.6362
vn -0.7690 -0.0626 0.6362
vn -0.7569 -0.1869 0.6262
vn -0.7330 -0.3083 0.6064
vn -0.6975 -0.4248 0.5770
vn -0.6511 -0.5347 0.5387
vn -0.5945 -0.6362 0.4918
vn -0.5285 -0.7277 0.4372
vn -0.4542 -0.8078 0.3757
vn -0.3727 -0.8752 0.3083
vn -0.2853 -0.9289 0.2360
vn -0.1934 -0.9680 0.1600
vn -0.0985 -0.9918 0.0815
vn -0.1079 0.9918 0.0685
vn -0.2120 0.9680 0.1345
vn -0.3126 0.9289 0.1984
vn -0.4084 0.8752 0.2592
vn -0.4977 0.8078 0.3158
vn -0.5791 0.7277 0.3675
vn -0.6514 0.6362 0.4134
vn -0.7135 0.5347 0.4528
vn -0.7644 0.4248 0.4851
vn -0.8032 0.3083 0.5097
vn -0.8294 0.1869 0.5264
vn -0.8427 0.0626 0.5348
vn -0.8427 -0.0626 0.5348
vn -0.8294 -0.1869 0.5264
vn -0.8032 -0.3083 0.5097
vn -0.7644 -0.4248 0.4851
vn -0.7135 -0.5347 0.4528
vn -0.6514 -0.6362 0.4134
vn -0.5791 -0.7277 0.3675
vn -0.4977 -0.8078 0.3158
vn -0.4084 -0.8752 0.2592
vn -0.3126 -0.9289 0.1984
vn -0.2120 -0.9680 0.1345
vn -0.1079 -0.9918 0.0685
vn -0.1156 0.9918 0.0544
vn -0.2271 0.9680 0.1069
vn -0.3350 0.9289 0.1577
vn -0.4376 0.8752 0.2059
vn -0.5333 0.8078 0.2510
vn -0.6206 0.7277 0.2920
vn -0.6981 0.6362 0.3285
vn -0.7646 0.5347 0.3598
vn -0.8191 0.4248 0.3854
vn -0.8608 0.3083 0.4050
vn -0.8889 0.1869 0.4183
vn -0.9031 0.0626 0.4249
vn -0.9031 -0.0626 0.4249
vn -0.8889 -0.1869 0.4183
vn -0.8608 -0.3083 0.4050
vn -0.8191 -0.4248 0.3854
vn -0.7646 -0.5347 0.3598
vn -0.6981 -0.6362 0.3285
vn -0.6206 -0.7277 0.2920
vn -0.5333 -0.8078 0.2510
vn -0.4376 -0.8752 0.2059
vn -0.3350 -0.9289 0.1577
vn -0.2271 -0.9680 0.1069
vn -0.1156 -0.9918 0.0544
vn -0.1215 0.9918 0.0395
vn -0.2388 0.9680 0.0776
vn -0.3522 0.9289 0.1144
vn -0.4600 0.8752 0.1495
vn -0.5606 0.8078 0.1821
vn -0.6523 0.7277 0.2119
vn -0.7338 0.6362 0.2384
vn -0.8037 0.5347 0.2611
vn -0.8610 0.4248 0.2797
vn -0.9047 0.3083 0.2940
vn -0.9343 0.1869 0.3036
vn -0.9492 0.0626 0.3084
vn -0.9492 -0.0626 0.3084
vn -0.9343 -0.1869 0.3036
vn -0.9047 -0.3083 0.2940
vn -0.8610 -0.4248 0.2797
vn -0.8037 -0.5347 0.2611
vn -0.7338 -0.6362 0.2384
vn -0.6523 -0.7277 0.2119
vn -0.5606 -0.8078 0.1821
vn -0.4600 -0.8752 0.1495
vn -0.3522 -0.9289 0.1144
vn -0.2388 -0.9680 0.0776
vn -0.1215 -0.9918 0.0395
vn -0.1255 0.9918 0.0239
vn -0.2466 0.9680 0.0470
vn -0.3637 0.9289 0.0694
vn -0.4751 0.8752 0.0906
vn -0.5790 0.8078 0.1104
vn -0.6737 0.7277 0.1285
vn -0.7579 0.6362 0.1446
vn -0.8301 0.5347 0.1583
vn -0.8892 0.4248 0.1696
vn -0.9344 0.3083 0.1783
vn -0.9650 0.1869 0.1841
vn -0.9804 0.0626 0.1870
vn -0.9804 -0.0626 0.1870
vn -0.9650 -0.1869 0.1841
vn -0.9344 -0.3083 0.1783
vn -0.8892 -0.4248 0.1696
vn -0.8301 -0.5347 0.1583
vn -0.7579 -0.6362 0.1446
vn -0.6737 -0.7277 0.1285
vn -0.5790 -0.8078 0.1104
vn -0.4751 -0.8752 0.0906
vn -0.3637 -0.9289 0.0694
vn -0.2466 -0.9680 0.0470
vn -0.1255 -0.9918 0.0239
vn -0.0000 1.0000 -0.0000
vn -0.1276 0.9918 0.0080
vn -0.2505 0.9680 0.0158
vn -0.3696 0.9289 0.0233
vn -0.4827 0.8752 0.0304
vn -0.5883 0.8078 0.0370
vn -0.6845 0.7277 0.0431
vn -0.7700 0.6362 0.0484
vn -0.8434 0.5347 0.0531
vn -0.9035 0.4248 0.0568
vn -0.9494 0.3083 0.0597
vn -0.9804 0.1869 0.0617
vn -0.9961 0.0626 0.0627
vn -0.9961 -0.0626 0.0627
vn -0.9804 -0.1869 0.0617
vn -0.9494 -0.3083 0.0597
vn -0.9035 -0.4248 0.0568
vn -0.8434 -0.5347 0.0531
vn -0.7700 -0.6362 0.0484
vn -0.6845 -0.7277 0.0431
vn -0.5883 -0.8078 0.0370
vn -0.4827 -0.8752 0.0304
vn -0.3696 -0.9289 0.0233
vn -0.2505 -0.9680 0.0158
vn -0.1276 -0.9918 0.0080
vn -0.1276 0.9918 -0.0080
vn -0.2505 0.9680 -0.0158
vn -0.3696 0.9289 -0.0233
vn -0.4827 0.8752 -0.0304
vn -0.5883 0.8078 -0.0370
vn -0.6845 0.7277 -0.0431
vn -0.7700 0.6362 -0.0484
vn -0.8434 0.5347 -0.0531
vn -0.9035 0.4248 -0.0568
vn -0.9494 0.3083 -0.0597
vn -0.9804 0.1869 -0.0617
vn -0.9961 0.0626 -0.0627
vn -0.9961 -0.0626 -0.0627
vn -0.9804 -0.1869 -0.0617
vn -0.9494 -0.3083 -0.0597
vn -0.9035 -0.4248 -0.0568
vn -0.8434 -0.5347 -0.0531
vn -0.7700 -0.6362 -0.0484
vn -0.6845 -0.7277 -0.0431
vn -0.5883 -0.8078 -0.0370
vn -0.4827 -0.8752 -0.0304
vn -0.3696 -0.9289 -0.0233
vn -0.2505 -0.9680 -0.0158
vn -0.1276 -0.9918 -0.0080
vn -0.1255 0.9918 -0.0239
vn -0.2466 0.9680 -0.0470
vn -0.3637 0.9289 -0.0694
vn -0.4751 0.8752 -0.0906
vn -0.5790 0.8078 -0.1104
vn -0.6737 0.7277 -0.1285
vn -0.7579 0.6362 -0.1446
vn -0.8301 0.5347 -0.1583
vn -0.8892 0.4248 -0.1696
vn -0.9344 0.3083 -0.1783
vn -0.9650 0.1869 -0.1841
vn -0.9804 0.0626 -0.1870
vn -0.9804 -0.0626 -0.1870
vn -0.9650 -0.1869 -0.1841
vn -0.9344 -0.3083 -0.1783
vn -0.8892 -0.4248 -0.1696
vn -0.8301 -0.5347 -0.1583
vn -0.7579 -0.6362 -0.1446
vn -0.6737 -0.7277 -0.1285
vn -0.5790 -0.8078 -0.1104
vn -0.4751 -0.8752 -0.0906
vn -0.3637 -0.9289 -0.0694
vn -0.2466 -0.9680 -0.0470
vn -0.1255 -0.9918 -0.0239
vn -0.1215 0.9918 -0.0395
vn -0.2388 0.9680 -0.0776
vn -0.3522 0.9289 -0.1144
vn -0.4600 0.8752 -0.1495
vn -0.5606 0.8078 -0.1821
vn -0.6523 0.7277 -0.2119
vn -0.7338 0.6362 -0.2384
vn -0.8037 0.5347 -0.2611
vn -0.8610 0.4248 -0.2797
vn -0.9047 0.3083 -0.2940
vn -0.9343 0.1869 -0.3036
vn -0.9492 0.0626 -0.3084
vn -0.9492 -0.0626 -0.3084
vn -0.9343 -0.1869 -0.3036
vn -0.9047 -0.3083 -0.2940
vn -0.8610 -0.4248 -0.2797
vn -0.8037 -0.5347 -0.2611
vn -0.7338 -0.6362 -0.2384
vn -0.6523 -0.7277 -0.2119
vn -0.5606 -0.8078 -0.1821
vn -0.4600 -0.8752 -0.1495
vn -0.3522 -0.9289 -0.1144
vn -0.2388 -0.9680 -0.0776
vn -0.1215 -0.9918 -0.0395
vn -0.1156 0.9918 -0.0544
vn -0.2271 0.9680 -0.1069
vn -0.3350 0.9289 -0.1577
vn -0.4376 0.8752 -0.2059
vn -0.5333 0.8078 -0.2510
vn -0.6206 0.7277 -0.2920
vn -0.6981 0.6362 -0.3285
vn -0.7646 0.5347 -0.3598
vn -0.8191 0.4248 -0.3854
vn -0.8608 0.3083 -0.4050
vn -0.8889 0.1869 -0.4183
vn -0.9031 0.0626 -0.4249
vn -0.9031 -0.0626 -0.4249
vn -0.8889 -0.1869 -0.4183
vn -0.8608 -0.3083 -0.4050
vn -0.8191 -0.4248 -0.3854
vn -0.7646 -0.5347 -0.3598
vn -0.6981 -0.6362 -0.3285
vn -0.6206 -0.7277 -0.2920
vn -0.5333 -0.8078 -0.2510
vn -0.4376 -0.8752 -0.2059
vn -0.3350 -0.9289 -0.1577
vn -0.2271 -0.9680 -0.1069
vn -0.1156 -0.9918 -0.0544
vn -0.1079 0.9918 -0.0685
vn -0.2120 0.9680 -0.1345
vn -0.3126 0.9289 -0.1984
vn -0.4084 0.8752 -0.2592
vn -0.4977 0.8078 -0.3158
vn -0.5791 0.7277 -0.3675
vn -0.6514 0.6362 -0.4134
vn -0.7135 0.5347 -0.4528
vn -0.7644 0.4248 -0.4851
vn -0.8032 0.3083 -0.5097
vn -0.8294 0.1869 -0.5264
vn -0.8427 0.0626 -0.5348
vn -0.8427 -0.0626 -0.5348
vn -0.8294 -0.1869 -0.5264
vn -0.8032 -0.3083 -0.5097
vn -0.7644 -0.4248 -0.4851
vn -0.7135 -0.5347 -0.4528
vn -0.6514 -0.6362 -0.4134
vn -0.5791 -0.7277 -0.3675
vn -0.4977 -0.8078 -0.3158
vn -0.4084 -0.8752 -0.2592
vn -0.3126 -0.9289 -0.1984
vn -0.2120 -0.9680 -0.1345
vn -0.1079 -0.9918 -0.0685
vn -0.0985 0.9918 -0.0815
vn -0.1934 0.9680 -0.1600
vn -0.2853 0.9289 -0.2360
vn -0.3727 0.8752 -0.3083
vn -0.4542 0.8078 -0.3757
vn -0.5285 0.7277 -0.4372
vn -0.5945 0.6362 -0.4918
vn -0.6511 0.5347 -0.5387
vn -0.6975 0.4248 -0.5770
vn -0.7330 0.3083 -0.6064
vn -0.7569 0.1869 -0.6262
vn -0.7690 0.0626 -0.6362
vn -0.7690 -0.0626 -0.6362
vn -0.7569 -0.1869 -0.6262
vn -0.7330 -0.3083 -0.6064
vn -0.6975 -0.4248 -0.5770
vn -0.6511 -0.5347 -0.5387
vn -0.5945 -0.6362 -0.4918
vn -0.5285 -0.7277 -0.4372
vn -0.4542 -0.8078 -0.3757
vn -0.3727 -0.8752 -0.3083
vn -0.2853 -0.9289 -0.2360
vn -0.1934 -0.9680 -0.1600
vn -0.0985 -0.9918 -0.0815
vn -0.0875 0.9918 -0.0932
vn -0.1718 0.9680 -0.1830
vn -0.2535 0.9289 -0.2699
vn -0.3311 0.8752 -0.3526
vn -0.4035 0.8078 -0.4297
vn -0.4695 0.7277 -0.5000
vn -0.5281 0.6362 -0.5624
vn -0.5785 0.5347 -0.6160
vn -0.6197 0.4248 -0.6599
vn -0.6512 0.3083 -0.6935
vn -0.6725 0.1869 -0.7161
vn -0.6832 0.0626 -0.7275
vn -0.6832 -0.0626 -0.7275
vn -0.6725 -0.1869 -0.7161
vn -0.6512 -0.3083 -0.6935
vn -0.6197 -0.4248 -0.6599
vn -0.5785 -0.5347 -0.6160
vn -0.5281 -0.6362 -0.5624
vn -0.4695 -0.7277 -0.5000
vn -0.4035 -0.8078 -0.4297
vn -0.3311 -0.8752 -0.3526
vn -0.2535 -0.9289 -0.2699
vn -0.1718 -0.9680 -0.1830
vn -0.0875 -0.9918 -0.0932
vn -0.0751 0.9918 -0.1034
vn -0.1476 0.9680 -0.2031
vn -0.2177 0.9289 -0.2996
vn -0.2843 0.8752 -0.3913
vn -0.3465 0.8078 -0.4769
vn -0.4031 0.7277 -0.5549
vn -0.4535 0.6362 -0.6242
vn -0.4967 0.5347 -0.6837
vn -0.5321 0.4248 -0.7324
vn -0.5592 0.3083 -0.7696
vn -0.5774 0.1869 -0.7948
vn -0.5866 0.0626 -0.8074
vn -0.5866 -0.0626 -0.8074
vn -0.5774 -0.1869 -0.7948
vn -0.5592 -0.3083 -0.7696
vn -0.5321 -0.4248 -0.7324
vn -0.4967 -0.5347 -0.6837
vn -0.4535 -0.6362 -0.6242
vn -0.4031 -0.7277 -0.5549
vn -0.3465 -0.8078 -0.4769
vn -0.2843 -0.8752 -0.3913
vn -0.2177 -0.9289 -0.2996
vn -0.1476 -0.9680 -0.2031
vn -0.0751 -0.9918 -0.1034
vn -0.0616 0.9918 -0.1120
vn -0.1209 0.9680 -0.2200
vn -0.1784 0.9289 -0.3245
vn -0.2330 0.8752 -0.4238
vn -0.2840 0.8078 -0.5165
vn -0.3304 0.7277 -0.6010
vn -0.3717 0.6362 -0.6761
vn -0.4071 0.5347 -0.7405
vn -0.4361 0.4248 -0.7933
vn -0.4583 0.3083 -0.8336
vn -0.4733 0.1869 -0.8609
vn -0.4808 0.0626 -0.8746
vn -0.4808 -0.0626 -0.8746
vn -0.4733 -0.1869 -0.8609
vn -0.4583 -0.3083 -0.8336
vn -0.4361 -0.4248 -0.7933
vn -0.4071 -0.5347 -0.7405
vn -0.3717 -0.6362 -0.6761
vn -0.3304 -0.7277 -0.6010
vn -0.2840 -0.8078 -0.5165
vn -0.2330 -0.8752 -0.4238
vn -0.1784 -0.9289 -0.3245
vn -0.1209 -0.9680 -0.2200
vn -0.0616 -0.9918 -0.1120
vn -0.0470 0.9918 -0.1188
vn -0.0924 0.9680 -0.2334
vn -0.1363 0.9289 -0.3443
vn -0.1781 0.8752 -0.4497
vn -0.2170 0.8078 -0.5480
vn -0.2525 0.7277 -0.6377
vn -0.2840 0.6362 -0.7173
vn -0.3111 0.5347 -0.7857
vn -0.3333 0.4248 -0.8417
vn -0.3502 0.3083 -0.8845
vn -0.3616 0.1869 -0.9134
vn -0.3674 0.0626 -0.9280
vn -0.3674 -0.0626 -0.9280
vn -0.3616 -0.1869 -0.9134
vn -0.3502 -0.3083 -0.8845
vn -0.3333 -0.4248 -0.8417
vn -0.3111 -0.5347 -0.7857
vn -0.2840 -0.6362 -0.7173
vn -0.2525 -0.7277 -0.6377
vn -0.2170 -0.8078 -0.5480
vn -0.1781 -0.8752 -0.4497
vn -0.1363 -0.9289 -0.3443
vn -0.0924 -0.9680 -0.2334
vn -0.0470 -0.9918 -0.1188
vn -0.0318 0.9918 -0.1238
vn -0.0624 0.9680 -0.2432
vn -0.0921 0.9289 -0.3587
vn -0.1203 0.8752 -0.4685
vn -0.1466 0.8078 -0.5709
vn -0.1706 0.7277 -0.6643
vn -0.1919 0.6362 -0.7473
vn -0.2102 0.5347 -0.8185
vn -0.2251 0.4248 -0.8768
vn -0.2366 0.3083 -0.9214
vn -0.2443 0.1869 -0.9515
vn -0.2482 0.0626 -0.9667
vn -0.2482 -0.0626 -0.9667
vn -0.2443 -0.1869 -0.9515
vn -0.2366 -0.3083 -0.9214
vn -0.2251 -0.4248 -0.8768
vn -0.2102 -0.5347 -0.8185
vn -0.1919 -0.6362 -0.7473
vn -0.1706 -0.7277 -0.6643
vn -0.1466 -0.8078 -0.5709
vn -0.1203 -0.8752 -0.4685
vn -0.0921 -0.9289 -0.3587
vn -0.0624 -0.9680 -0.2432
vn -0.0318 -0.9918 -0.1238
vn -0.0160 0.9918 -0.1268
vn -0.0315 0.9680 -0.2491
vn -0.0464 0.9289 -0.3674
vn -0.0606 0.8752 -0.4799
vn -0.0739 0.8078 -0.5848
vn -0.0860 0.7277 -0.6805
vn -0.0967 0.6362 -0.7654
vn -0.1059 0.5347 -0.8384
vn -0.1135 0.4248 -0.8981
vn -0.1192 0.3083 -0.9438
vn -0.1231 0.1869 -0.9746
vn -0.1251 0.0626 -0.9902
vn -0.1251 -0.0626 -0.9902
vn -0.1231 -0.1869 -0.9746
vn -0.1192 -0.3083 -0.9438
vn -0.1135 -0.4248 -0.8981
vn -0.1059 -0.5347 -0.8384
vn -0.0967 -0.6362 -0.7654
vn -0.0860 -0.7277 -0.6805
vn -0.0739 -0.8078 -0.5848
vn -0.0606 -0.8752 -0.4799
vn -0.0464 -0.9289 -0.3674
vn -0.0315 -0.9680 -0.2491
vn -0.0160 -0.9918 -0.1268
vn -0.0000 0.9918 -0.1278
vn -0.0000 0.9680 -0.2510
vn -0.0000 0.8752 -0.4837
vn -0.0000 0.8078 -0.5894
vn -0.0000 0.7277 -0.6859
vn -0.0000 0.6362 -0.7715
vn -0.0000 0.5347 -0.8450
vn -0.0000 0.4248 -0.9053
vn -0.0000 0.3083 -0.9513
vn -0.0000 0.1869 -0.9824
vn -0.0000 0.0626 -0.9980
vn -0.0000 -0.0626 -0.9980
vn -0.0000 -0.1869 -0.9824
vn -0.0000 -0.4248 -0.9053
vn -0.0000 -0.5347 -0.8450
vn -0.0000 -0.6362 -0.7715
vn -0.0000 -0.7277 -0.6859
vn -0.0000 -0.8078 -0.5894
vn -0.0000 -0.8752 -0.4837
vn -0.0000 -0.9680 -0.2510
vn -0.0000 -0.9918 -0.1278
vt 0.740000 0.520000
vt 0.740000 0.560000
vt 0.720000 0.560000
vt 0.720000 0.520000
vt 0.740000 0.800000
vt 0.740000 0.840000
vt 0.720000 0.840000
vt 0.720000 0.800000
vt 0.740000 0.200000
vt 0.740000 0.240000
vt 0.720000 0.240000
vt 0.720000 0.200000
vt 0.740000 0.480000
vt 0.720000 0.480000
vt 0.740000 0.760000
vt 0.720000 0.760000
vt 0.740000 0.160000
vt 0.720000 0.160000
vt 0.740000 0.440000
vt 0.720000 0.440000
vt 0.740000 0.720000
vt 0.720000 0.720000
vt 0.740000 0.120000
vt 0.720000 0.120000
vt 0.740000 0.400000
vt 0.720000 0.400000
vt 0.740000 0.680000
vt 0.720000 0.680000
vt 0.740000 0.080000
vt 0.720000 0.080000
vt 0.740000 0.960000
vt 0.730000 1.000000
vt 0.720000 0.960000
vt 0.740000 0.360000
vt 0.720000 0.360000
vt 0.740000 0.640000
vt 0.720000 0.640000
vt 0.740000 0.040000
vt 0.720000 0.040000
vt 0.740000 0.920000
vt 0.720000 0.920000
vt 0.740000 0.320000
vt 0.720000 0.320000
vt 0.740000 0.600000
vt 0.720000 0.600000
vt 0.730000 0.000000
vt 0.740000 0.880000
vt 0.720000 0.880000
vt 0.740000 0.280000
vt 0.720000 0.280000
vt 0.700000 0.080000
vt 0.700000 0.040000
vt 0.700000 0.960000
vt 0.700000 0.920000
vt 0.700000 0.360000
vt 0.700000 0.320000
vt 0.700000 0.640000
vt 0.700000 0.600000
vt 0.710000 0.000000
vt 0.700000 0.880000
vt 0.700000 0.280000
vt 0.700000 0.560000
vt 0.700000 0.840000
vt 0.700000 0.240000
vt 0.700000 0.520000
vt 0.700000 0.800000
vt 0.700000 0.200000
vt 0.700000 0.480000
vt 0.700000 0.760000
vt 0.700000 0.160000
vt 0.700000 0.440000
vt 0.700000 0.720000
vt 0.700000 0.120000
vt 0.700000 0.400000
vt 0.700000 0.680000
vt 0.710000 1.000000
vt 0.680000 0.640000
vt 0.680000 0.600000
vt 0.690000 0.000000
vt 0.680000 0.040000
vt 0.680000 0.920000
vt 0.680000 0.880000
vt 0.680000 0.320000
vt 0.680000 0.280000
vt 0.680000 0.560000
vt 0.680000 0.840000
vt 0.680000 0.240000
vt 0.680000 0.520000
vt 0.680000 0.800000
vt 0.680000 0.200000
vt 0.680000 0.480000
vt 0.680000 0.760000
vt 0.680000 0.160000
vt 0.680000 0.440000
vt 0.680000 0.720000
vt 0.680000 0.120000
vt 0.680000 0.400000
vt 0.680000 0.680000
vt 0.680000 0.080000
vt 0.690000 1.000000
vt 0.680000 0.960000
vt 0.680000 0.360000
vt 0.660000 0.600000
vt 0.660000 0.560000
vt 0.660000 0.880000
vt 0.660000 0.840000
vt 0.660000 0.280000
vt 0.660000 0.240000
vt 0.660000 0.520000
vt 0.660000 0.800000
vt 0.660000 0.200000
vt 0.660000 0.480000
vt 0.660000 0.760000
vt 0.660000 0.160000
vt 0.660000 0.440000
vt 0.660000 0.720000
vt 0.660000 0.120000
vt 0.660000 0.400000
vt 0.660000 0.680000
vt 0.660000 0.080000
vt 0.670000 1.000000
vt 0.660000 0.960000
vt 0.660000 0.360000
vt 0.660000 0.640000
vt 0.660000 0.040000
vt 0.660000 0.920000
vt 0.660000 0.320000
vt 0.670000 0.000000
vt 0.640000 0.280000
vt 0.640000 0.240000
vt 0.640000 0.560000
vt 0.640000 0.520000
vt 0.640000 0.840000
vt 0.640000 0.800000
vt 0.640000 0.200000
vt 0.640000 0.480000
vt 0.640000 0.760000
vt 0.640000 0.160000
vt 0.640000 0.440000
vt 0.640000 0.720000
vt 0.640000 0.120000
vt 0.640000 0.400000
vt 0.640000 0.680000
vt 0.640000 0.080000
vt 0.650000 1.000000
vt 0.640000 0.960000
vt 0.640000 0.360000
vt 0.640000 0.640000
vt 0.640000 0.040000
vt 0.640000 0.920000
vt 0.640000 0.320000
vt 0.640000 0.600000
vt 0.650000 0.000000
vt 0.640000 0.880000
vt 0.620000 0.840000
vt 0.620000 0.800000
vt 0.620000 0.240000
vt 0.620000 0.200000
vt 0.620000 0.520000
vt 0.620000 0.480000
vt 0.620000 0.760000
vt 0.620000 0.160000
vt 0.620000 0.440000
vt 0.620000 0.720000
vt 0.620000 0.120000
vt 0.620000 0.400000
vt 0.620000 0.680000
vt 0.620000 0.080000
vt 0.630000 1.000000
vt 0.620000 0.960000
vt 0.620000 0.360000
vt 0.620000 0.640000
vt 0.620000 0.040000
vt 0.620000 0.920000
vt 0.620000 0.320000
vt 0.620000 0.600000
vt 0.630000 0.000000
vt 0.620000 0.880000
vt 0.620000 0.280000
vt 0.620000 0.560000
vt 0.600000 0.800000
vt 0.600000 0.760000
vt 0.600000 0.200000
vt 0.600000 0.160000
vt 0.600000 0.480000
vt 0.600000 0.440000
vt 0.600000 0.720000
vt 0.600000 0.120000
vt 0.600000 0.400000
vt 0.600000 0.680000
vt 0.600000 0.080000
vt 0.610000 1.000000
vt 0.600000 0.960000
vt 0.600000 0.360000
vt 0.600000 0.640000
vt 0.600000 0.040000
vt 0.600000 0.920000
vt 0.600000 0.320000
vt 0.600000 0.600000
vt 0.610000 0.000000
vt 0.600000 0.880000
vt 0.600000 0.280000
vt 0.600000 0.560000
vt 0.600000 0.840000
vt 0.600000 0.240000
vt 0.600000 0.520000
vt 0.580000 0.480000
vt 0.580000 0.440000
vt 0.580000 0.760000
vt 0.580000 0.720000
vt 0.580000 0.160000
vt 0.580000 0.120000
vt 0.580000 0.400000
vt 0.580000 0.680000
vt 0.580000 0.080000
vt 0.590000 1.000000
vt 0.580000 0.960000
vt 0.580000 0.360000
vt 0.580000 0.640000
vt 0.580000 0.040000
vt 0.580000 0.920000
vt 0.580000 0.320000
vt 0.580000 0.600000
vt 0.590000 0.000000
vt 0.580000 0.880000
vt 0.580000 0.280000
vt 0.580000 0.560000
vt 0.580000 0.840000
vt 0.580000 0.240000
vt 0.580000 0.520000
vt 0.580000 0.800000
vt 0.580000 0.200000
vt 0.560000 0.440000
vt 0.560000 0.400000
vt 0.560000 0.720000
vt 0.560000 0.680000
vt 0.560000 0.120000
vt 0.560000 0.080000
vt 0.570000 1.000000
vt 0.560000 0.960000
vt 0.560000 0.360000
vt 0.560000 0.640000
vt 0.560000 0.040000
vt 0.560000 0.920000
vt 0.560000 0.320000
vt 0.560000 0.600000
vt 0.570000 0.000000
vt 0.560000 0.880000
vt 0.560000 0.280000
vt 0.560000 0.560000
vt 0.560000 0.840000
vt 0.560000 0.240000
vt 0.560000 0.520000
vt 0.560000 0.800000
vt 0.560000 0.200000
vt 0.560000 0.480000
vt 0.560000 0.760000
vt 0.560000 0.160000
vt 0.540000 0.120000
vt 0.540000 0.080000
vt 0.550000 1.000000
vt 0.540000 0.960000
vt 0.540000 0.400000
vt 0.540000 0.360000
vt 0.540000 0.680000
vt 0.540000 0.640000
vt 0.540000 0.040000
vt 0.540000 0.920000
vt 0.540000 0.320000
vt 0.540000 0.600000
vt 0.550000 0.000000
vt 0.540000 0.880000
vt 0.540000 0.280000
vt 0.540000 0.560000
vt 0.540000 0.840000
vt 0.540000 0.240000
vt 0.540000 0.520000
vt 0.540000 0.800000
vt 0.540000 0.200000
vt 0.540000 0.480000
vt 0.540000 0.760000
vt 0.540000 0.160000
vt 0.540000 0.440000
vt 0.540000 0.720000
vt 0.520000 0.680000
vt 0.520000 0.640000
vt 0.520000 0.080000
vt 0.520000 0.040000
vt 0.520000 0.960000
vt 0.520000 0.920000
vt 0.520000 0.360000
vt 0.520000 0.320000
vt 0.520000 0.600000
vt 0.530000 0.000000
vt 0.520000 0.880000
vt 0.520000 0.280000
vt 0.520000 0.560000
vt 0.520000 0.840000
vt 0.520000 0.240000
vt 0.520000 0.520000
vt 0.520000 0.800000
vt 0.520000 0.200000
vt 0.520000 0.480000
vt 0.520000 0.760000
vt 0.520000 0.160000
vt 0.520000 0.440000
vt 0.520000 0.720000
vt 0.520000 0.120000
vt 0.520000 0.400000
vt 0.530000 1.000000
vt 0.500000 0.640000
vt 0.500000 0.600000
vt 0.510000 0.000000
vt 0.500000 0.040000
vt 0.500000 0.920000
vt 0.500000 0.880000
vt 0.500000 0.320000
vt 0.500000 0.280000
vt 0.500000 0.560000
vt 0.500000 0.840000
vt 0.500000 0.240000
vt 0.500000 0.520000
vt 0.500000 0.800000
vt 0.500000 0.200000
vt 0.500000 0.480000
vt 0.500000 0.760000
vt 0.500000 0.160000
vt 0.500000 0.440000
vt 0.500000 0.720000
vt 0.500000 0.120000
vt 0.500000 0.400000
vt 0.500000 0.680000
vt 0.500000 0.080000
vt 0.510000 1.000000
vt 0.500000 0.960000
vt 0.500000 0.360000
vt 0.480000 0.320000
vt 0.480000 0.280000
vt 0.480000 0.600000
vt 0.480000 0.560000
vt 0.480000 0.880000
vt 0.480000 0.840000
vt 0.480000 0.240000
vt 0.480000 0.520000
vt 0.480000 0.800000
vt 0.480000 0.200000
vt 0.480000 0.480000
vt 0.480000 0.760000
vt 0.480000 0.160000
vt 0.480000 0.440000
vt 0.480000 0.720000
vt 0.480000 0.120000
vt 0.480000 0.400000
vt 0.480000 0.680000
vt 0.480000 0.080000
vt 0.490000 1.000000
vt 0.480000 0.960000
vt 0.480000 0.360000
vt 0.480000 0.640000
vt 0.480000 0.040000
vt 0.480000 0.920000
vt 0.490000 0.000000
vt 0.460000 0.880000
vt 0.460000 0.840000
vt 0.460000 0.280000
vt 0.460000 0.240000
vt 0.460000 0.560000
vt 0.460000 0.520000
vt 0.460000 0.800000
vt 0.460000 0.200000
vt 0.460000 0.480000
vt 0.460000 0.760000
vt 0.460000 0.160000
vt 0.460000 0.440000
vt 0.460000 0.720000
vt 0.460000 0.120000
vt 0.460000 0.400000
vt 0.460000 0.680000
vt 0.460000 0.080000
vt 0.470000 1.000000
vt 0.460000 0.960000
vt 0.460000 0.360000
vt 0.460000 0.640000
vt 0.460000 0.040000
vt 0.460000 0.920000
vt 0.460000 0.320000
vt 0.460000 0.600000
vt 0.470000 0.000000
vt 0.440000 0.840000
vt 0.440000 0.800000
vt 0.440000 0.240000
vt 0.440000 0.200000
vt 0.440000 0.520000
vt 0.440000 0.480000
vt 0.440000 0.760000
vt 0.440000 0.160000
vt 0.440000 0.440000
vt 0.440000 0.720000
vt 0.440000 0.120000
vt 0.440000 0.400000
vt 0.440000 0.680000
vt 0.440000 0.080000
vt 0.450000 1.000000
vt 0.440000 0.960000
vt 0.440000 0.360000
vt 0.440000 0.640000
vt 0.440000 0.040000
vt 0.440000 0.920000
vt 0.440000 0.320000
vt 0.440000 0.600000
vt 0.450000 0.000000
vt 0.440000 0.880000
vt 0.440000 0.280000
vt 0.440000 0.560000
vt 0.420000 0.520000
vt 0.420000 0.480000
vt 0.420000 0.800000
vt 0.420000 0.760000
vt 0.420000 0.200000
vt 0.420000 0.160000
vt 0.420000 0.440000
vt 0.420000 0.720000
vt 0.420000 0.120000
vt 0.420000 0.400000
vt 0.420000 0.680000
vt 0.420000 0.080000
vt 0.430000 1.000000
vt 0.420000 0.960000
vt 0.420000 0.360000
vt 0.420000 0.640000
vt 0.420000 0.040000
vt 0.420000 0.920000
vt 0.420000 0.320000
vt 0.420000 0.600000
vt 0.430000 0.000000
vt 0.420000 0.880000
vt 0.420000 0.280000
vt 0.420000 0.560000
vt 0.420000 0.840000
vt 0.420000 0.240000
vt 0.400000 0.480000
vt 0.400000 0.440000
vt 0.400000 0.760000
vt 0.400000 0.720000
vt 0.400000 0.160000
vt 0.400000 0.120000
vt 0.400000 0.400000
vt 0.400000 0.680000
vt 0.400000 0.080000
vt 0.410000 1.000000
vt 0.400000 0.960000
vt 0.400000 0.360000
vt 0.400000 0.640000
vt 0.400000 0.040000
vt 0.400000 0.920000
vt 0.400000 0.320000
vt 0.400000 0.600000
vt 0.410000 0.000000
vt 0.400000 0.880000
vt 0.400000 0.280000
vt 0.400000 0.560000
vt 0.400000 0.840000
vt 0.400000 0.240000
vt 0.400000 0.520000
vt 0.400000 0.800000
vt 0.400000 0.200000
vt 0.380000 0.160000
vt 0.380000 0.120000
vt 0.380000 0.440000
vt 0.380000 0.400000
vt 0.380000 0.720000
vt 0.380000 0.680000
vt 0.380000 0.080000
vt 0.390000 1.000000
vt 0.380000 0.960000
vt 0.380000 0.360000
vt 0.380000 0.640000
vt 0.380000 0.040000
vt 0.380000 0.920000
vt 0.380000 0.320000
vt 0.380000 0.600000
vt 0.390000 0.000000
vt 0.380000 0.880000
vt 0.380000 0.280000
vt 0.380000 0.560000
vt 0.380000 0.840000
vt 0.380000 0.240000
vt 0.380000 0.520000
vt 0.380000 0.800000
vt 0.380000 0.200000
vt 0.380000 0.480000
vt 0.380000 0.760000
vt 0.360000 0.720000
vt 0.360000 0.680000
vt 0.360000 0.120000
vt 0.360000 0.080000
vt 0.370000 1.000000
vt 0.360000 0.960000
vt 0.360000 0.400000
vt 0.360000 0.360000
vt 0.360000 0.640000
vt 0.360000 0.040000
vt 0.360000 0.920000
vt 0.360000 0.320000
vt 0.360000 0.600000
vt 0.370000 0.000000
vt 0.360000 0.880000
vt 0.360000 0.280000
vt 0.360000 0.560000
vt 0.360000 0.840000
vt 0.360000 0.240000
vt 0.360000 0.520000
vt 0.360000 0.800000
vt 0.360000 0.200000
vt 0.360000 0.480000
vt 0.360000 0.760000
vt 0.360000 0.160000
vt 0.360000 0.440000
vt 0.340000 0.680000
vt 0.340000 0.640000
vt 0.340000 0.080000
vt 0.340000 0.040000
vt 0.340000 0.960000
vt 0.340000 0.920000
vt 0.340000 0.360000
vt 0.340000 0.320000
vt 0.340000 0.600000
vt 0.350000 0.000000
vt 0.340000 0.880000
vt 0.340000 0.280000
vt 0.340000 0.560000
vt 0.340000 0.840000
vt 0.340000 0.240000
vt 0.340000 0.520000
vt 0.340000 0.800000
vt 0.340000 0.200000
vt 0.340000 0.480000
vt 0.340000 0.760000
vt 0.340000 0.160000
vt 0.340000 0.440000
vt 0.340000 0.720000
vt 0.340000 0.120000
vt 0.340000 0.400000
vt 0.350000 1.000000
vt 0.320000 0.360000
vt 0.320000 0.320000
vt 0.320000 0.640000
vt 0.320000 0.600000
vt 0.330000 0.000000
vt 0.320000 0.040000
vt 0.320000 0.920000
vt 0.320000 0.880000
vt 0.320000 0.280000
vt 0.320000 0.560000
vt 0.320000 0.840000
vt 0.320000 0.240000
vt 0.320000 0.520000
vt 0.320000 0.800000
vt 0.320000 0.200000
vt 0.320000 0.480000
vt 0.320000 0.760000
vt 0.320000 0.160000
vt 0.320000 0.440000
vt 0.320000 0.720000
vt 0.320000 0.120000
vt 0.320000 0.400000
vt 0.320000 0.680000
vt 0.320000 0.080000
vt 0.330000 1.000000
vt 0.320000 0.960000
vt 0.300000 0.920000
vt 0.300000 0.880000
vt 0.300000 0.320000
vt 0.300000 0.280000
vt 0.300000 0.600000
vt 0.300000 0.560000
vt 0.300000 0.840000
vt 0.300000 0.240000
vt 0.300000 0.520000
vt 0.300000 0.800000
vt 0.300000 0.200000
vt 0.300000 0.480000
vt 0.300000 0.760000
vt 0.300000 0.160000
vt 0.300000 0.440000
vt 0.300000 0.720000
vt 0.300000 0.120000
vt 0.300000 0.400000
vt 0.300000 0.680000
vt 0.300000 0.080000
vt 0.310000 1.000000
vt 0.300000 0.960000
vt 0.300000 0.360000
vt 0.300000 0.640000
vt 0.300000 0.040000
vt 0.310000 0.000000
vt 0.280000 0.880000
vt 0.280000 0.840000
vt 0.280000 0.280000
vt 0.280000 0.240000
vt 0.280000 0.560000
vt 0.280000 0.520000
vt 0.280000 0.800000
vt 0.280000 0.200000
vt 0.280000 0.480000
vt 0.280000 0.760000
vt 0.280000 0.160000
vt 0.280000 0.440000
vt 0.280000 0.720000
vt 0.280000 0.120000
vt 0.280000 0.400000
vt 0.280000 0.680000
vt 0.280000 0.080000
vt 0.290000 1.000000
vt 0.280000 0.960000
vt 0.280000 0.360000
vt 0.280000 0.640000
vt 0.280000 0.040000
vt 0.280000 0.920000
vt 0.280000 0.320000
vt 0.280000 0.600000
vt 0.290000 0.000000
vt 0.260000 0.560000
vt 0.260000 0.520000
vt 0.260000 0.840000
vt 0.260000 0.800000
vt 0.260000 0.240000
vt 0.260000 0.200000
vt 0.260000 0.480000
vt 0.260000 0.760000
vt 0.260000 0.160000
vt 0.260000 0.440000
vt 0.260000 0.720000
vt 0.260000 0.120000
vt 0.260000 0.400000
vt 0.260000 0.680000
vt 0.260000 0.080000
vt 0.270000 1.000000
vt 0.260000 0.960000
vt 0.260000 0.360000
vt 0.260000 0.640000
vt 0.260000 0.040000
vt 0.260000 0.920000
vt 0.260000 0.320000
vt 0.260000 0.600000
vt 0.270000 0.000000
vt 0.260000 0.880000
vt 0.260000 0.280000
vt 0.240000 0.520000
vt 0.240000 0.480000
vt 0.240000 0.800000
vt 0.240000 0.760000
vt 0.240000 0.200000
vt 0.240000 0.160000
vt 0.240000 0.440000
vt 0.240000 0.720000
vt 0.240000 0.120000
vt 0.240000 0.400000
vt 0.240000 0.680000
vt 0.240000 0.080000
vt 0.250000 1.000000
vt 0.240000 0.960000
vt 0.240000 0.360000
vt 0.240000 0.640000
vt 0.240000 0.040000
vt 0.240000 0.920000
vt 0.240000 0.320000
vt 0.240000 0.600000
vt 0.250000 0.000000
vt 0.240000 0.880000
vt 0.240000 0.280000
vt 0.240000 0.560000
vt 0.240000 0.840000
vt 0.240000 0.240000
vt 0.220000 0.200000
vt 0.220000 0.160000
vt 0.220000 0.480000
vt 0.220000 0.440000
vt 0.220000 0.760000
vt 0.220000 0.720000
vt 0.220000 0.120000
vt 0.220000 0.400000
vt 0.220000 0.680000
vt 0.220000 0.080000
vt 0.230000 1.000000
vt 0.220000 0.960000
vt 0.220000 0.360000
vt 0.220000 0.640000
vt 0.220000 0.040000
vt 0.220000 0.920000
vt 0.220000 0.320000
vt 0.220000 0.600000
vt 0.230000 0.000000
vt 0.220000 0.880000
vt 0.220000 0.280000
vt 0.220000 0.560000
vt 0.220000 0.840000
vt 0.220000 0.240000
vt 0.220000 0.520000
vt 0.220000 0.800000
vt 0.200000 0.760000
vt 0.200000 0.720000
vt 0.200000 0.160000
vt 0.200000 0.120000
vt 0.200000 0.440000
vt 0.200000 0.400000
vt 0.200000 0.680000
vt 0.200000 0.080000
vt 0.210000 1.000000
vt 0.200000 0.960000
vt 0.200000 0.360000
vt 0.200000 0.640000
vt 0.200000 0.040000
vt 0.200000 0.920000
vt 0.200000 0.320000
vt 0.200000 0.600000
vt 0.210000 0.000000
vt 0.200000 0.880000
vt 0.200000 0.280000
vt 0.200000 0.560000
vt 0.200000 0.840000
vt 0.200000 0.240000
vt 0.200000 0.520000
vt 0.200000 0.800000
vt 0.200000 0.200000
vt 0.200000 0.480000
vt 0.180000 0.720000
vt 0.180000 0.680000
vt 0.180000 0.120000
vt 0.180000 0.080000
vt 0.190000 1.000000
vt 0.180000 0.960000
vt 0.180000 0.400000
vt 0.180000 0.360000
vt 0.180000 0.640000
vt 0.180000 0.040000
vt 0.180000 0.920000
vt 0.180000 0.320000
vt 0.180000 0.600000
vt 0.190000 0.000000
vt 0.180000 0.880000
vt 0.180000 0.280000
vt 0.180000 0.560000
vt 0.180000 0.840000
vt 0.180000 0.240000
vt 0.180000 0.520000
vt 0.180000 0.800000
vt 0.180000 0.200000
vt 0.180000 0.480000
vt 0.180000 0.760000
vt 0.180000 0.160000
vt 0.180000 0.440000
vt 0.160000 0.400000
vt 0.160000 0.360000
vt 0.160000 0.680000
vt 0.160000 0.640000
vt 0.160000 0.080000
vt 0.160000 0.040000
vt 0.160000 0.960000
vt 0.160000 0.920000
vt 0.160000 0.320000
vt 0.160000 0.600000
vt 0.170000 0.000000
vt 0.160000 0.880000
vt 0.160000 0.280000
vt 0.160000 0.560000
vt 0.160000 0.840000
vt 0.160000 0.240000
vt 0.160000 0.520000
vt 0.160000 0.800000
vt 0.160000 0.200000
vt 0.160000 0.480000
vt 0.160000 0.760000
vt 0.160000 0.160000
vt 0.160000 0.440000
vt 0.160000 0.720000
vt 0.160000 0.120000
vt 0.170000 1.000000
vt 0.140000 0.960000
vt 0.140000 0.920000
vt 0.140000 0.360000
vt 0.140000 0.320000
vt 0.140000 0.640000
vt 0.140000 0.600000
vt 0.150000 0.000000
vt 0.140000 0.040000
vt 0.140000 0.880000
vt 0.140000 0.280000
vt 0.140000 0.560000
vt 0.140000 0.840000
vt 0.140000 0.240000
vt 0.140000 0.520000
vt 0.140000 0.800000
vt 0.140000 0.200000
vt 0.140000 0.480000
vt 0.140000 0.760000
vt 0.140000 0.160000
vt 0.140000 0.440000
vt 0.140000 0.720000
vt 0.140000 0.120000
vt 0.140000 0.400000
vt 0.140000 0.680000
vt 0.140000 0.080000
vt 0.150000 1.000000
vt 0.130000 0.000000
vt 0.120000 0.040000
vt 0.120000 0.920000
vt 0.120000 0.880000
vt 0.120000 0.320000
vt 0.120000 0.280000
vt 0.120000 0.600000
vt 0.120000 0.560000
vt 0.120000 0.840000
vt 0.120000 0.240000
vt 0.120000 0.520000
vt 0.120000 0.800000
vt 0.120000 0.200000
vt 0.120000 0.480000
vt 0.120000 0.760000
vt 0.120000 0.160000
vt 0.120000 0.440000
vt 0.120000 0.720000
vt 0.120000 0.120000
vt 0.120000 0.400000
vt 0.120000 0.680000
vt 0.120000 0.080000
vt 0.130000 1.000000
vt 0.120000 0.960000
vt 0.120000 0.360000
vt 0.120000 0.640000
vt 0.100000 0.600000
vt 0.100000 0.560000
vt 0.100000 0.880000
vt 0.100000 0.840000
vt 0.100000 0.280000
vt 0.100000 0.240000
vt 0.100000 0.520000
vt 0.100000 0.800000
vt 0.100000 0.200000
vt 0.100000 0.480000
vt 0.100000 0.760000
vt 0.100000 0.160000
vt 0.100000 0.440000
vt 0.100000 0.720000
vt 0.100000 0.120000
vt 0.100000 0.400000
vt 0.100000 0.680000
vt 0.100000 0.080000
vt 0.110000 1.000000
vt 0.100000 0.960000
vt 0.100000 0.360000
vt 0.100000 0.640000
vt 0.100000 0.040000
vt 0.100000 0.920000
vt 0.100000 0.320000
vt 0.110000 0.000000
vt 0.080000 0.560000
vt 0.080000 0.520000
vt 0.080000 0.840000
vt 0.080000 0.800000
vt 0.080000 0.240000
vt 0.080000 0.200000
vt 0.080000 0.480000
vt 0.080000 0.760000
vt 0.080000 0.160000
vt 0.080000 0.440000
vt 0.080000 0.720000
vt 0.080000 0.120000
vt 0.080000 0.400000
vt 0.080000 0.680000
vt 0.080000 0.080000
vt 0.090000 1.000000
vt 0.080000 0.960000
vt 0.080000 0.360000
vt 0.080000 0.640000
vt 0.080000 0.040000
vt 0.080000 0.920000
vt 0.080000 0.320000
vt 0.080000 0.600000
vt 0.090000 0.000000
vt 0.080000 0.880000
vt 0.080000 0.280000
vt 0.060000 0.600000
vt 0.060000 0.560000
vt 0.060000 0.880000
vt 0.060000 0.840000
vt 0.060000 0.280000
vt 0.060000 0.240000
vt 0.060000 0.520000
vt 0.060000 0.800000
vt 0.060000 0.200000
vt 0.060000 0.480000
vt 0.060000 0.760000
vt 0.060000 0.160000
vt 0.060000 0.440000
vt 0.060000 0.720000
vt 0.060000 0.120000
vt 0.060000 0.400000
vt 0.060000 0.680000
vt 0.060000 0.080000
vt 0.070000 1.000000
vt 0.060000 0.960000
vt 0.060000 0.360000
vt 0.060000 0.640000
vt 0.060000 0.040000
vt 0.060000 0.920000
vt 0.060000 0.320000
vt 0.070000 0.000000
vt 0.040000 0.280000
vt 0.040000 0.240000
vt 0.040000 0.560000
vt 0.040000 0.520000
vt 0.040000 0.840000
vt 0.040000 0.800000
vt 0.040000 0.200000
vt 0.040000 0.480000
vt 0.040000 0.760000
vt 0.040000 0.160000
vt 0.040000 0.440000
vt 0.040000 0.720000
vt 0.040000 0.120000
vt 0.040000 0.400000
vt 0.040000 0.680000
vt 0.040000 0.080000
vt 0.050000 1.000000
vt 0.040000 0.960000
vt 0.040000 0.360000
vt 0.040000 0.640000
vt 0.040000 0.040000
vt 0.040000 0.920000
vt 0.040000 0.320000
vt 0.040000 0.600000
vt 0.050000 0.000000
vt 0.040000 0.880000
vt 0.020000 0.840000
vt 0.020000 0.800000
vt 0.020000 0.240000
vt 0.020000 0.200000
vt 0.020000 0.520000
vt 0.020000 0.480000
vt 0.020000 0.760000
vt 0.020000 0.160000
vt 0.020000 0.440000
vt 0.020000 0.720000
vt 0.020000 0.120000
vt 0.020000 0.400000
vt 0.020000 0.680000
vt 0.020000 0.080000
vt 0.030000 1.000000
vt 0.020000 0.960000
vt 0.020000 0.360000
vt 0.020000 0.640000
vt 0.020000 0.040000
vt 0.020000 0.920000
vt 0.020000 0.320000
vt 0.020000 0.600000
vt 0.030000 0.000000
vt 0.020000 0.880000
vt 0.020000 0.280000
vt 0.020000 0.560000
vt 0.000000 0.800000
vt 0.000000 0.760000
vt 0.000000 0.200000
vt 0.000000 0.160000
vt 0.000000 0.480000
vt 0.000000 0.440000
vt 0.000000 0.720000
vt 0.000000 0.120000
vt 0.000000 0.400000
vt 0.000000 0.680000
vt 0.000000 0.080000
vt 0.010000 1.000000
vt 0.000000 0.960000
vt 0.000000 0.360000
vt 0.000000 0.640000
vt 0.000000 0.040000
vt 0.000000 0.920000
vt 0.000000 0.320000
vt 0.000000 0.600000
vt 0.010000 0.000000
vt 0.000000 0.880000
vt 0.000000 0.280000
vt 0.000000 0.560000
vt 0.000000 0.840000
vt 0.000000 0.240000
vt 0.000000 0.520000
vt 1.000000 0.440000
vt 1.000000 0.480000
vt 0.980000 0.480000
vt 0.980000 0.440000
vt 1.000000 0.720000
vt 1.000000 0.760000
vt 0.980000 0.760000
vt 0.980000 0.720000
vt 1.000000 0.120000
vt 1.000000 0.160000
vt 0.980000 0.160000
vt 0.980000 0.120000
vt 1.000000 0.400000
vt 0.980000 0.400000
vt 1.000000 0.680000
vt 0.980000 0.680000
vt 1.000000 0.080000
vt 0.980000 0.080000
vt 1.000000 0.960000
vt 0.990000 1.000000
vt 0.980000 0.960000
vt 1.000000 0.360000
vt 0.980000 0.360000
vt 1.000000 0.640000
vt 0.980000 0.640000
vt 1.000000 0.040000
vt 0.980000 0.040000
vt 1.000000 0.920000
vt 0.980000 0.920000
vt 1.000000 0.320000
vt 0.980000 0.320000
vt 1.000000 0.600000
vt 0.980000 0.600000
vt 0.990000 0.000000
vt 1.000000 0.880000
vt 0.980000 0.880000
vt 1.000000 0.280000
vt 0.980000 0.280000
vt 1.000000 0.560000
vt 0.980000 0.560000
vt 1.000000 0.840000
vt 0.980000 0.840000
vt 1.000000 0.240000
vt 0.980000 0.240000
vt 1.000000 0.520000
vt 0.980000 0.520000
vt 1.000000 0.800000
vt 0.980000 0.800000
vt 1.000000 0.200000
vt 0.980000 0.200000
vt 0.960000 0.440000
vt 0.960000 0.400000
vt 0.960000 0.720000
vt 0.960000 0.680000
vt 0.960000 0.120000
vt 0.960000 0.080000
vt 0.970000 1.000000
vt 0.960000 0.960000
vt 0.960000 0.360000
vt 0.960000 0.640000
vt 0.960000 0.040000
vt 0.960000 0.920000
vt 0.960000 0.320000
vt 0.960000 0.600000
vt 0.970000 0.000000
vt 0.960000 0.880000
vt 0.960000 0.280000
vt 0.960000 0.560000
vt 0.960000 0.840000
vt 0.960000 0.240000
vt 0.960000 0.520000
vt 0.960000 0.800000
vt 0.960000 0.200000
vt 0.960000 0.480000
vt 0.960000 0.760000
vt 0.960000 0.160000
vt 0.940000 0.120000
vt 0.940000 0.080000
vt 0.950000 1.000000
vt 0.940000 0.960000
vt 0.940000 0.400000
vt 0.940000 0.360000
vt 0.940000 0.680000
vt 0.940000 0.640000
vt 0.940000 0.040000
vt 0.940000 0.920000
vt 0.940000 0.320000
vt 0.940000 0.600000
vt 0.950000 0.000000
vt 0.940000 0.880000
vt 0.940000 0.280000
vt 0.940000 0.560000
vt 0.940000 0.840000
vt 0.940000 0.240000
vt 0.940000 0.520000
vt 0.940000 0.800000
vt 0.940000 0.200000
vt 0.940000 0.480000
vt 0.940000 0.760000
vt 0.940000 0.160000
vt 0.940000 0.440000
vt 0.940000 0.720000
vt 0.920000 0.680000
vt 0.920000 0.640000
vt 0.920000 0.080000
vt 0.920000 0.040000
vt 0.920000 0.960000
vt 0.920000 0.920000
vt 0.920000 0.360000
vt 0.920000 0.320000
vt 0.920000 0.600000
vt 0.930000 0.000000
vt 0.920000 0.880000
vt 0.920000 0.280000
vt 0.920000 0.560000
vt 0.920000 0.840000
vt 0.920000 0.240000
vt 0.920000 0.520000
vt 0.920000 0.800000
vt 0.920000 0.200000
vt 0.920000 0.480000
vt 0.920000 0.760000
vt 0.920000 0.160000
vt 0.920000 0.440000
vt 0.920000 0.720000
vt 0.920000 0.120000
vt 0.920000 0.400000
vt 0.930000 1.000000
vt 0.900000 0.640000
vt 0.900000 0.600000
vt 0.910000 0.000000
vt 0.900000 0.040000
vt 0.900000 0.920000
vt 0.900000 0.880000
vt 0.900000 0.320000
vt 0.900000 0.280000
vt 0.900000 0.560000
vt 0.900000 0.840000
vt 0.900000 0.240000
vt 0.900000 0.520000
vt 0.900000 0.800000
vt 0.900000 0.200000
vt 0.900000 0.480000
vt 0.900000 0.760000
vt 0.900000 0.160000
vt 0.900000 0.440000
vt 0.900000 0.720000
vt 0.900000 0.120000
vt 0.900000 0.400000
vt 0.900000 0.680000
vt 0.900000 0.080000
vt 0.910000 1.000000
vt 0.900000 0.960000
vt 0.900000 0.360000
vt 0.880000 0.320000
vt 0.880000 0.280000
vt 0.880000 0.600000
vt 0.880000 0.560000
vt 0.880000 0.880000
vt 0.880000 0.840000
vt 0.880000 0.240000
vt 0.880000 0.520000
vt 0.880000 0.800000
vt 0.880000 0.200000
vt 0.880000 0.480000
vt 0.880000 0.760000
vt 0.880000 0.160000
vt 0.880000 0.440000
vt 0.880000 0.720000
vt 0.880000 0.120000
vt 0.880000 0.400000
vt 0.880000 0.680000
vt 0.880000 0.080000
vt 0.890000 1.000000
vt 0.880000 0.960000
vt 0.880000 0.360000
vt 0.880000 0.640000
vt 0.880000 0.040000
vt 0.880000 0.920000
vt 0.890000 0.000000
vt 0.860000 0.880000
vt 0.860000 0.840000
vt 0.860000 0.280000
vt 0.860000 0.240000
vt 0.860000 0.560000
vt 0.860000 0.520000
vt 0.860000 0.800000
vt 0.860000 0.200000
vt 0.860000 0.480000
vt 0.860000 0.760000
vt 0.860000 0.160000
vt 0.860000 0.440000
vt 0.860000 0.720000
vt 0.860000 0.120000
vt 0.860000 0.400000
vt 0.860000 0.680000
vt 0.860000 0.080000
vt 0.870000 1.000000
vt 0.860000 0.960000
vt 0.860000 0.360000
vt 0.860000 0.640000
vt 0.860000 0.040000
vt 0.860000 0.920000
vt 0.860000 0.320000
vt 0.860000 0.600000
vt 0.870000 0.000000
vt 0.840000 0.840000
vt 0.840000 0.800000
vt 0.840000 0.240000
vt 0.840000 0.200000
vt 0.840000 0.520000
vt 0.840000 0.480000
vt 0.840000 0.760000
vt 0.840000 0.160000
vt 0.840000 0.440000
vt 0.840000 0.720000
vt 0.840000 0.120000
vt 0.840000 0.400000
vt 0.840000 0.680000
vt 0.840000 0.080000
vt 0.850000 1.000000
vt 0.840000 0.960000
vt 0.840000 0.360000
vt 0.840000 0.640000
vt 0.840000 0.040000
vt 0.840000 0.920000
vt 0.840000 0.320000
vt 0.840000 0.600000
vt 0.850000 0.000000
vt 0.840000 0.880000
vt 0.840000 0.280000
vt 0.840000 0.560000
vt 0.820000 0.520000
vt 0.820000 0.480000
vt 0.820000 0.800000
vt 0.820000 0.760000
vt 0.820000 0.200000
vt 0.820000 0.160000
vt 0.820000 0.440000
vt 0.820000 0.720000
vt 0.820000 0.120000
vt 0.820000 0.400000
vt 0.820000 0.680000
vt 0.820000 0.080000
vt 0.830000 1.000000
vt 0.820000 0.960000
vt 0.820000 0.360000
vt 0.820000 0.640000
vt 0.820000 0.040000
vt 0.820000 0.920000
vt 0.820000 0.320000
vt 0.820000 0.600000
vt 0.830000 0.000000
vt 0.820000 0.880000
vt 0.820000 0.280000
vt 0.820000 0.560000
vt 0.820000 0.840000
vt 0.820000 0.240000
vt 0.800000 0.480000
vt 0.800000 0.440000
vt 0.800000 0.760000
vt 0.800000 0.720000
vt 0.800000 0.160000
vt 0.800000 0.120000
vt 0.800000 0.400000
vt 0.800000 0.680000
vt 0.800000 0.080000
vt 0.810000 1.000000
vt 0.800000 0.960000
vt 0.800000 0.360000
vt 0.800000 0.640000
vt 0.800000 0.040000
vt 0.800000 0.920000
vt 0.800000 0.320000
vt 0.800000 0.600000
vt 0.810000 0.000000
vt 0.800000 0.880000
vt 0.800000 0.280000
vt 0.800000 0.560000
vt 0.800000 0.840000
vt 0.800000 0.240000
vt 0.800000 0.520000
vt 0.800000 0.800000
vt 0.800000 0.200000
vt 0.780000 0.160000
vt 0.780000 0.120000
vt 0.780000 0.440000
vt 0.780000 0.400000
vt 0.780000 0.720000
vt 0.780000 0.680000
vt 0.780000 0.080000
vt 0.790000 1.000000
vt 0.780000 0.960000
vt 0.780000 0.360000
vt 0.780000 0.640000
vt 0.780000 0.040000
vt 0.780000 0.920000
vt 0.780000 0.320000
vt 0.780000 0.600000
vt 0.790000 0.000000
vt 0.780000 0.880000
vt 0.780000 0.280000
vt 0.780000 0.560000
vt 0.780000 0.840000
vt 0.780000 0.240000
vt 0.780000 0.520000
vt 0.780000 0.800000
vt 0.780000 0.200000
vt 0.780000 0.480000
vt 0.780000 0.760000
vt 0.760000 0.720000
vt 0.760000 0.680000
vt 0.760000 0.120000
vt 0.760000 0.080000
vt 0.770000 1.000000
vt 0.760000 0.960000
vt 0.760000 0.400000
vt 0.760000 0.360000
vt 0.760000 0.640000
vt 0.760000 0.040000
vt 0.760000 0.920000
vt 0.760000 0.320000
vt 0.760000 0.600000
vt 0.770000 0.000000
vt 0.760000 0.880000
vt 0.760000 0.280000
vt 0.760000 0.560000
vt 0.760000 0.840000
vt 0.760000 0.240000
vt 0.760000 0.520000
vt 0.760000 0.800000
vt 0.760000 0.200000
vt 0.760000 0.480000
vt 0.760000 0.760000
vt 0.760000 0.160000
vt 0.760000 0.440000
vt 0.750000 0.000000
vt 0.750000 1.000000
s 1
f 1192/1/1192 1191/2/1191 14/3/14 15/4/15
f 1185/5/1185 1184/6/1184 7/7/7 8/8/8
f 1199/9/1199 1198/10/1198 22/11/22 23/12/23
f 1193/13/1193 1192/1/1192 15/4/15 16/14/16
f 1186/15/1186 1185/5/1185 8/8/8 9/16/9
f 1200/17/1200 1199/9/1199 23/12/23 24/18/24
f 1194/19/1194 1193/13/1193 16/14/16 17/20/17
f 1187/21/1187 1186/15/1186 9/16/9 10/22/10
f 3/23/3 1200/17/1200 24/18/24 25/24/25
f 2/25/2 1194/19/1194 17/20/17 18/26/18
f 1188/27/1188 1187/21/1187 10/22/10 11/28/11
f 1201/29/1201 3/23/3 25/24/25 26/30/26
f 1182/31/1182 869/32/869 4/33/4
f 1195/34/1195 2/25/2 18/26/18 19/35/19
f 1189/36/1189 1188/27/1188 11/28/11 12/37/12
f 1202/38/1202 1201/29/1201 26/30/26 27/39/27
f 1183/40/1183 1182/31/1182 4/33/4 5/41/5
f 1196/42/1196 1195/34/1195 19/35/19 20/43/20
f 1190/44/1190 1189/36/1189 12/37/12 13/45/13
f 196/46/196 1202/38/1202 27/39/27
f 1/47/1 1183/40/1183 5/41/5 6/48/6
f 1197/49/1197 1196/42/1196 20/43/20 21/50/21
f 1191/2/1191 1190/44/1190 13/45/13 14/3/14
f 1184/6/1184 1/47/1 6/48/6 7/7/7
f 1198/10/1198 1197/49/1197 21/50/21 22/11/22
f 27/39/27 26/30/26 50/51/50 51/52/51
f 5/41/5 4/33/4 28/53/28 29/54/29
f 20/43/20 19/35/19 43/55/43 44/56/44
f 13/45/13 12/37/12 36/57/36 37/58/37
f 196/59/196 27/39/27 51/52/51
f 6/48/6 5/41/5 29/54/29 30/60/30
f 21/50/21 20/43/20 44/56/44 45/61/45
f 14/3/14 13/45/13 37/58/37 38/62/38
f 7/7/7 6/48/6 30/60/30 31/63/31
f 22/11/22 21/50/21 45/61/45 46/64/46
f 15/4/15 14/3/14 38/62/38 39/65/39
f 8/8/8 7/7/7 31/63/31 32/66/32
f 23/12/23 22/11/22 46/64/46 47/67/47
f 16/14/16 15/4/15 39/65/39 40/68/40
f 9/16/9 8/8/8 32/66/32 33/69/33
f 24/18/24 23/12/23 47/67/47 48/70/48
f 17/20/17 16/14/16 40/68/40 41/71/41
f 10/22/10 9/16/9 33/69/33 34/72/34
f 25/24/25 24/18/24 48/70/48 49/73/49
f 18/26/18 17/20/17 41/71/41 42/74/42
f 11/28/11 10/22/10 34/72/34 35/75/35
f 26/30/26 25/24/25 49/73/49 50/51/50
f 4/33/4 869/76/869 28/53/28
f 19/35/19 18/26/18 42/74/42 43/55/43
f 12/37/12 11/28/11 35/75/35 36/57/36
f 37/58/37 36/57/36 60/77/60 61/78/61
f 196/79/196 51/52/51 75/80/75
f 30/60/30 29/54/29 53/81/53 54/82/54
f 45/61/45 44/56/44 68/83/68 69/84/69
f 38/62/38 37/58/37 61/78/61 62/85/62
f 31/63/31 30/60/30 54/82/54 55/86/55
f 46/64/46 45/61/45 69/84/69 70/87/70
f 39/65/39 38/62/38 62/85/62 63/88/63
f 32/66/32 31/63/31 55/86/55 56/89/56
f 47/67/47 46/64/46 70/87/70 71/90/71
f 40/68/40 39/65/39 63/88/63 64/91/64
f 33/69/33 32/66/32 56/89/56 57/92/57
f 48/70/48 47/67/47 71/90/71 72/93/72
f 41/71/41 40/68/40 64/91/64 65/94/65
f 34/72/34 33/69/33 57/92/57 58/95/58
f 49/73/49 48/70/48 72/93/72 73/96/73
f 42/74/42 41/71/41 65/94/65 66/97/66
f 35/75/35 34/72/34 58/95/58 59/98/59
f 50/51/50 49/73/49 73/96/73 74/99/74
f 28/53/28 869/100/869 52/101/52
f 43/55/43 42/74/42 66/97/66 67/102/67
f 36/57/36 35/75/35 59/98/59 60/77/60
f 51/52/51 50/51/50 74/99/74 75/80/75
f 29/54/29 28/53/28 52/101/52 53/81/53
f 44/56/44 43/55/43 67/102/67 68/83/68
f 62/85/62 61/78/61 85/103/85 86/104/86
f 55/86/55 54/82/54 78/105/78 79/106/79
f 70/87/70 69/84/69 93/107/93 94/108/94
f 63/88/63 62/85/62 86/104/86 87/109/87
f 56/89/56 55/86/55 79/106/79 80/110/80
f 71/90/71 70/87/70 94/108/94 95/111/95
f 64/91/64 63/88/63 87/109/87 88/112/88
f 57/92/57 56/89/56 80/110/80 81/113/81
f 72/93/72 71/90/71 95/111/95 96/114/96
f 65/94/65 64/91/64 88/112/88 89/115/89
f 58/95/58 57/92/57 81/113/81 82/116/82
f 73/96/73 72/93/72 96/114/96 97/117/97
f 66/97/66 65/94/65 89/115/89 90/118/90
f 59/98/59 58/95/58 82/116/82 83/119/83
f 74/99/74 73/96/73 97/117/97 98/120/98
f 52/101/52 869/121/869 76/122/76
f 67/102/67 66/97/66 90/118/90 91/123/91
f 60/77/60 59/98/59 83/119/83 84/124/84
f 75/80/75 74/99/74 98/120/98 99/125/99
f 53/81/53 52/101/52 76/122/76 77/126/77
f 68/83/68 67/102/67 91/123/91 92/127/92
f 61/78/61 60/77/60 84/124/84 85/103/85
f 196/128/196 75/80/75 99/125/99
f 54/82/54 53/81/53 77/126/77 78/105/78
f 69/84/69 68/83/68 92/127/92 93/107/93
f 94/108/94 93/107/93 117/129/117 118/130/118
f 87/109/87 86/104/86 110/131/110 111/132/111
f 80/110/80 79/106/79 103/133/103 104/134/104
f 95/111/95 94/108/94 118/130/118 119/135/119
f 88/112/88 87/109/87 111/132/111 112/136/112
f 81/113/81 80/110/80 104/134/104 105/137/105
f 96/114/96 95/111/95 119/135/119 120/138/120
f 89/115/89 88/112/88 112/136/112 113/139/113
f 82/116/82 81/113/81 105/137/105 106/140/106
f 97/117/97 96/114/96 120/138/120 121/141/121
f 90/118/90 89/115/89 113/139/113 114/142/114
f 83/119/83 82/116/82 106/140/106 107/143/107
f 98/120/98 97/117/97 121/141/121 122/144/122
f 76/122/76 869/145/869 100/146/100
f 91/123/91 90/118/90 114/142/114 115/147/115
f 84/124/84 83/119/83 107/143/107 108/148/108
f 99/125/99 98/120/98 122/144/122 123/149/123
f 77/126/77 76/122/76 100/146/100 101/150/101
f 92/127/92 91/123/91 115/147/115 116/151/116
f 85/103/85 84/124/84 108/148/108 109/152/109
f 196/153/196 99/125/99 123/149/123
f 78/105/78 77/126/77 101/150/101 102/154/102
f 93/107/93 92/127/92 116/151/116 117/129/117
f 86/104/86 85/103/85 109/152/109 110/131/110
f 79/106/79 78/105/78 102/154/102 103/133/103
f 104/134/104 103/133/103 127/155/127 128/156/128
f 119/135/119 118/130/118 142/157/142 143/158/143
f 112/136/112 111/132/111 135/159/135 136/160/136
f 105/137/105 104/134/104 128/156/128 129/161/129
f 120/138/120 119/135/119 143/158/143 144/162/144
f 113/139/113 112/136/112 136/160/136 137/163/137
f 106/140/106 105/137/105 129/161/129 130/164/130
f 121/141/121 120/138/120 144/162/144 145/165/145
f 114/142/114 113/139/113 137/163/137 138/166/138
f 107/143/107 106/140/106 130/164/130 131/167/131
f 122/144/122 121/141/121 145/165/145 146/168/146
f 100/146/100 869/169/869 124/170/124
f 115/147/115 114/142/114 138/166/138 139/171/139
f 108/148/108 107/143/107 131/167/131 132/172/132
f 123/149/123 122/144/122 146/168/146 147/173/147
f 101/150/101 100/146/100 124/170/124 125/174/125
f 116/151/116 115/147/115 139/171/139 140/175/140
f 109/152/109 108/148/108 132/172/132 133/176/133
f 196/177/196 123/149/123 147/173/147
f 102/154/102 101/150/101 125/174/125 126/178/126
f 117/129/117 116/151/116 140/175/140 141/179/141
f 110/131/110 109/152/109 133/176/133 134/180/134
f 103/133/103 102/154/102 126/178/126 127/155/127
f 118/130/118 117/129/117 141/179/141 142/157/142
f 111/132/111 110/131/110 134/180/134 135/159/135
f 129/161/129 128/156/128 152/181/152 153/182/153
f 144/162/144 143/158/143 167/183/167 168/184/168
f 137/163/137 136/160/136 160/185/160 161/186/161
f 130/164/130 129/161/129 153/182/153 154/187/154
f 145/165/145 144/162/144 168/184/168 169/188/169
f 138/166/138 137/163/137 161/186/161 162/189/162
f 131/167/131 130/164/130 154/187/154 155/190/155
f 146/168/146 145/165/145 169/188/169 170/191/170
f 124/170/124 869/192/869 148/193/148
f 139/171/139 138/166/138 162/189/162 163/194/163
f 132/172/132 131/167/131 155/190/155 156/195/156
f 147/173/147 146/168/146 170/191/170 171/196/171
f 125/174/125 124/170/124 148/193/148 149/197/149
f 140/175/140 139/171/139 163/194/163 164/198/164
f 133/176/133 132/172/132 156/195/156 157/199/157
f 196/200/196 147/173/147 171/196/171
f 126/178/126 125/174/125 149/197/149 150/201/150
f 141/179/141 140/175/140 164/198/164 165/202/165
f 134/180/134 133/176/133 157/199/157 158/203/158
f 127/155/127 126/178/126 150/201/150 151/204/151
f 142/157/142 141/179/141 165/202/165 166/205/166
f 135/159/135 134/180/134 158/203/158 159/206/159
f 128/156/128 127/155/127 151/204/151 152/181/152
f 143/158/143 142/157/142 166/205/166 167/183/167
f 136/160/136 135/159/135 159/206/159 160/185/160
f 161/186/161 160/185/160 184/207/184 185/208/185
f 154/187/154 153/182/153 177/209/177 178/210/178
f 169/188/169 168/184/168 192/211/192 193/212/193
f 162/189/162 161/186/161 185/208/185 186/213/186
f 155/190/155 154/187/154 178/210/178 179/214/179
f 170/191/170 169/188/169 193/212/193 194/215/194
f 148/193/148 869/216/869 172/217/172
f 163/194/163 162/189/162 186/213/186 187/218/187
f 156/195/156 155/190/155 179/214/179 180/219/180
f 171/196/171 170/191/170 194/215/194 195/220/195
f 149/197/149 148/193/148 172/217/172 173/221/173
f 164/198/164 163/194/163 187/218/187 188/222/188
f 157/199/157 156/195/156 180/219/180 181/223/181
f 196/224/196 171/196/171 195/220/195
f 150/201/150 149/197/149 173/221/173 174/225/174
f 165/202/165 164/198/164 188/222/188 189/226/189
f 158/203/158 157/199/157 181/223/181 182/227/182
f 151/204/151 150/201/150 174/225/174 175/228/175
f 166/205/166 165/202/165 189/226/189 190/229/190
f 159/206/159 158/203/158 182/227/182 183/230/183
f 152/181/152 151/204/151 175/228/175 176/231/176
f 167/183/167 166/205/166 190/229/190 191/232/191
f 160/185/160 159/206/159 183/230/183 184/207/184
f 153/182/153 152/181/152 176/231/176 177/209/177
f 168/184/168 167/183/167 191/232/191 192/211/192
f 186/213/186 185/208/185 210/233/210 211/234/211
f 179/214/179 178/210/178 203/235/203 204/236/204
f 194/215/194 193/212/193 218/237/218 219/238/219
f 172/217/172 869/239/869 197/240/197
f 187/218/187 186/213/186 211/234/211 212/241/212
f 180/219/180 179/214/179 204/236/204 205/242/205
f 195/220/195 194/215/194 219/238/219 220/243/220
f 173/221/173 172/217/172 197/240/197 198/244/198
f 188/222/188 187/218/187 212/241/212 213/245/213
f 181/223/181 180/219/180 205/242/205 206/246/206
f 196/247/196 195/220/195 220/243/220
f 174/225/174 173/221/173 198/244/198 199/248/199
f 189/226/189 188/222/188 213/245/213 214/249/214
f 182/227/182 181/223/181 206/246/206 207/250/207
f 175/228/175 174/225/174 199/248/199 200/251/200
f 190/229/190 189/226/189 214/249/214 215/252/215
f 183/230/183 182/227/182 207/250/207 208/253/208
f 176/231/176 175/228/175 200/251/200 201/254/201
f 191/232/191 190/229/190 215/252/215 216/255/216
f 184/207/184 183/230/183 208/253/208 209/256/209
f 177/209/177 176/231/176 201/254/201 202/257/202
f 192/211/192 191/232/191 216/255/216 217/258/217
f 185/208/185 184/207/184 209/256/209 210/233/210
f 178/210/178 177/209/177 202/257/202 203/235/203
f 193/212/193 192/211/192 217/258/217 218/237/218
f 219/238/219 218/237/218 242/259/242 243/260/243
f 197/240/197 869/261/869 221/262/221
f 212/241/212 211/234/211 235/263/235 236/264/236
f 205/242/205 204/236/204 228/265/228 229/266/229
f 220/243/220 219/238/219 243/260/243 244/267/244
f 198/244/198 197/240/197 221/262/221 222/268/222
f 213/245/213 212/241/212 236/264/236 237/269/237
f 206/246/206 205/242/205 229/266/229 230/270/230
f 196/271/196 220/243/220 244/267/244
f 199/248/199 198/244/198 222/268/222 223/272/223
f 214/249/214 213/245/213 237/269/237 238/273/238
f 207/250/207 206/246/206 230/270/230 231/274/231
f 200/251/200 199/248/199 223/272/223 224/275/224
f 215/252/215 214/249/214 238/273/238 239/276/239
f 208/253/208 207/250/207 231/274/231 232/277/232
f 201/254/201 200/251/200 224/275/224 225/278/225
f 216/255/216 215/252/215 239/276/239 240/279/240
f 209/256/209 208/253/208 232/277/232 233/280/233
f 202/257/202 201/254/201 225/278/225 226/281/226
f 217/258/217 216/255/216 240/279/240 241/282/241
f 210/233/210 209/256/209 233/280/233 234/283/234
f 203/235/203 202/257/202 226/281/226 227/284/227
f 218/237/218 217/258/217 241/282/241 242/259/242
f 211/234/211 210/233/210 234/283/234 235/263/235
f 204/236/204 203/235/203 227/284/227 228/265/228
f 229/266/229 228/265/228 252/285/252 253/286/253
f 244/267/244 243/260/243 267/287/267 268/288/268
f 222/268/222 221/262/221 245/289/245 246/290/246
f 237/269/237 236/264/236 260/291/260 261/292/261
f 230/270/230 229/266/229 253/286/253 254/293/254
f 196/294/196 244/267/244 268/288/268
f 223/272/223 222/268/222 246/290/246 247/295/247
f 238/273/238 237/269/237 261/292/261 262/296/262
f 231/274/231 230/270/230 254/293/254 255/297/255
f 224/275/224 223/272/223 247/295/247 248/298/248
f 239/276/239 238/273/238 262/296/262 263/299/263
f 232/277/232 231/274/231 255/297/255 256/300/256
f 225/278/225 224/275/224 248/298/248 249/301/249
f 240/279/240 239/276/239 263/299/263 264/302/264
f 233/280/233 232/277/232 256/300/256 257/303/257
f 226/281/226 225/278/225 249/301/249 250/304/250
f 241/282/241 240/279/240 264/302/264 265/305/265
f 234/283/234 233/280/233 257/303/257 258/306/258
f 227/284/227 226/281/226 250/304/250 251/307/251
f 242/259/242 241/282/241 265/305/265 266/308/266
f 235/263/235 234/283/234 258/306/258 259/309/259
f 228/265/228 227/284/227 251/307/251 252/285/252
f 243/260/243 242/259/242 266/308/266 267/287/267
f 221/262/221 869/310/869 245/289/245
f 236/264/236 235/263/235 259/309/259 260/291/260
f 254/293/254 253/286/253 277/311/277 278/312/278
f 196/313/196 268/288/268 292/314/292
f 247/295/247 246/290/246 270/315/270 271/316/271
f 262/296/262 261/292/261 285/317/285 286/318/286
f 255/297/255 254/293/254 278/312/278 279/319/279
f 248/298/248 247/295/247 271/316/271 272/320/272
f 263/299/263 262/296/262 286/318/286 287/321/287
f 256/300/256 255/297/255 279/319/279 280/322/280
f 249/301/249 248/298/248 272/320/272 273/323/273
f 264/302/264 263/299/263 287/321/287 288/324/288
f 257/303/257 256/300/256 280/322/280 281/325/281
f 250/304/250 249/301/249 273/323/273 274/326/274
f 265/305/265 264/302/264 288/324/288 289/327/289
f 258/306/258 257/303/257 281/325/281 282/328/282
f 251/307/251 250/304/250 274/326/274 275/329/275
f 266/308/266 265/305/265 289/327/289 290/330/290
f 259/309/259 258/306/258 282/328/282 283/331/283
f 252/285/252 251/307/251 275/329/275 276/332/276
f 267/287/267 266/308/266 290/330/290 291/333/291
f 245/289/245 869/334/869 269/335/269
f 260/291/260 259/309/259 283/331/283 284/336/284
f 253/286/253 252/285/252 276/332/276 277/311/277
f 268/288/268 267/287/267 291/333/291 292/314/292
f 246/290/246 245/289/245 269/335/269 270/315/270
f 261/292/261 260/291/260 284/336/284 285/317/285
f 286/318/286 285/317/285 309/337/309 310/338/310
f 279/319/279 278/312/278 302/339/302 303/340/303
f 272/320/272 271/316/271 295/341/295 296/342/296
f 287/321/287 286/318/286 310/338/310 311/343/311
f 280/322/280 279/319/279 303/340/303 304/344/304
f 273/323/273 272/320/272 296/342/296 297/345/297
f 288/324/288 287/321/287 311/343/311 312/346/312
f 281/325/281 280/322/280 304/344/304 305/347/305
f 274/326/274 273/323/273 297/345/297 298/348/298
f 289/327/289 288/324/288 312/346/312 313/349/313
f 282/328/282 281/325/281 305/347/305 306/350/306
f 275/329/275 274/326/274 298/348/298 299/351/299
f 290/330/290 289/327/289 313/349/313 314/352/314
f 283/331/283 282/328/282 306/350/306 307/353/307
f 276/332/276 275/329/275 299/351/299 300/354/300
f 291/333/291 290/330/290 314/352/314 315/355/315
f 269/335/269 869/356/869 293/357/293
f 284/336/284 283/331/283 307/353/307 308/358/308
f 277/311/277 276/332/276 300/354/300 301/359/301
f 292/314/292 291/333/291 315/355/315 316/360/316
f 270/315/270 269/335/269 293/357/293 294/361/294
f 285/317/285 284/336/284 308/358/308 309/337/309
f 278/312/278 277/311/277 301/359/301 302/339/302
f 196/362/196 292/314/292 316/360/316
f 271/316/271 270/315/270 294/361/294 295/341/295
f 296/342/296 295/341/295 319/363/319 320/364/320
f 311/343/311 310/338/310 334/365/334 335/366/335
f 304/344/304 303/340/303 327/367/327 328/368/328
f 297/345/297 296/342/296 320/364/320 321/369/321
f 312/346/312 311/343/311 335/366/335 336/370/336
f 305/347/305 304/344/304 328/368/328 329/371/329
f 298/348/298 297/345/297 321/369/321 322/372/322
f 313/349/313 312/346/312 336/370/336 337/373/337
f 306/350/306 305/347/305 329/371/329 330/374/330
f 299/351/299 298/348/298 322/372/322 323/375/323
f 314/352/314 313/349/313 337/373/337 338/376/338
f 307/353/307 306/350/306 330/374/330 331/377/331
f 300/354/300 299/351/299 323/375/323 324/378/324
f 315/355/315 314/352/314 338/376/338 339/379/339
f 293/357/293 869/380/869 317/381/317
f 308/358/308 307/353/307 331/377/331 332/382/332
f 301/359/301 300/354/300 324/378/324 325/383/325
f 316/360/316 315/355/315 339/379/339 340/384/340
f 294/361/294 293/357/293 317/381/317 318/385/318
f 309/337/309 308/358/308 332/382/332 333/386/333
f 302/339/302 301/359/301 325/383/325 326/387/326
f 196/388/196 316/360/316 340/384/340
f 295/341/295 294/361/294 318/385/318 319/363/319
f 310/338/310 309/337/309 333/386/333 334/365/334
f 303/340/303 302/339/302 326/387/326 327/367/327
f 321/369/321 320/364/320 344/389/344 345/390/345
f 336/370/336 335/366/335 359/391/359 360/392/360
f 329/371/329 328/368/328 352/393/352 353/394/353
f 322/372/322 321/369/321 345/390/345 346/395/346
f 337/373/337 336/370/336 360/392/360 361/396/361
f 330/374/330 329/371/329 353/394/353 354/397/354
f 323/375/323 322/372/322 346/395/346 347/398/347
f 338/376/338 337/373/337 361/396/361 362/399/362
f 331/377/331 330/374/330 354/397/354 355/400/355
f 324/378/324 323/375/323 347/398/347 348/401/348
f 339/379/339 338/376/338 362/399/362 363/402/363
f 317/381/317 869/403/869 341/404/341
f 332/382/332 331/377/331 355/400/355 356/405/356
f 325/383/325 324/378/324 348/401/348 349/406/349
f 340/384/340 339/379/339 363/402/363 364/407/364
f 318/385/318 317/381/317 341/404/341 342/408/342
f 333/386/333 332/382/332 356/405/356 357/409/357
f 326/387/326 325/383/325 349/406/349 350/410/350
f 196/411/196 340/384/340 364/407/364
f 319/363/319 318/385/318 342/408/342 343/412/343
f 334/365/334 333/386/333 357/409/357 358/413/358
f 327/367/327 326/387/326 350/410/350 351/414/351
f 320/364/320 319/363/319 343/412/343 344/389/344
f 335/366/335 334/365/334 358/413/358 359/391/359
f 328/368/328 327/367/327 351/414/351 352/393/352
f 353/394/353 352/393/352 376/415/376 377/416/377
f 346/395/346 345/390/345 369/417/369 370/418/370
f 361/396/361 360/392/360 384/419/384 385/420/385
f 354/397/354 353/394/353 377/416/377 378/421/378
f 347/398/347 346/395/346 370/418/370 371/422/371
f 362/399/362 361/396/361 385/420/385 386/423/386
f 355/400/355 354/397/354 378/421/378 379/424/379
f 348/401/348 347/398/347 371/422/371 372/425/372
f 363/402/363 362/399/362 386/423/386 387/426/387
f 341/404/341 869/427/869 365/428/365
f 356/405/356 355/400/355 379/424/379 380/429/380
f 349/406/349 348/401/348 372/425/372 373/430/373
f 364/407/364 363/402/363 387/426/387 388/431/388
f 342/408/342 341/404/341 365/428/365 366/432/366
f 357/409/357 356/405/356 380/429/380 381/433/381
f 350/410/350 349/406/349 373/430/373 374/434/374
f 196/435/196 364/407/364 388/431/388
f 343/412/343 342/408/342 366/432/366 367/436/367
f 358/413/358 357/409/357 381/433/381 382/437/382
f 351/414/351 350/410/350 374/434/374 375/438/375
f 344/389/344 343/412/343 367/436/367 368/439/368
f 359/391/359 358/413/358 382/437/382 383/440/383
f 352/393/352 351/414/351 375/438/375 376/415/376
f 345/390/345 344/389/344 368/439/368 369/417/369
f 360/392/360 359/391/359 383/440/383 384/419/384
f 378/421/378 377/416/377 401/441/401 402/442/402
f 371/422/371 370/418/370 394/443/394 395/444/395
f 386/423/386 385/420/385 409/445/409 410/446/410
f 379/424/379 378/421/378 402/442/402 403/447/403
f 372/425/372 371/422/371 395/444/395 396/448/396
f 387/426/387 386/423/386 410/446/410 411/449/411
f 365/428/365 869/450/869 389/451/389
f 380/429/380 379/424/379 403/447/403 404/452/404
f 373/430/373 372/425/372 396/448/396 397/453/397
f 388/431/388 387/426/387 411/449/411 412/454/412
f 366/432/366 365/428/365 389/451/389 390/455/390
f 381/433/381 380/429/380 404/452/404 405/456/405
f 374/434/374 373/430/373 397/453/397 398/457/398
f 196/458/196 388/431/388 412/454/412
f 367/436/367 366/432/366 390/455/390 391/459/391
f 382/437/382 381/433/381 405/456/405 406/460/406
f 375/438/375 374/434/374 398/457/398 399/461/399
f 368/439/368 367/436/367 391/459/391 392/462/392
f 383/440/383 382/437/382 406/460/406 407/463/407
f 376/415/376 375/438/375 399/461/399 400/464/400
f 369/417/369 368/439/368 392/462/392 393/465/393
f 384/419/384 383/440/383 407/463/407 408/466/408
f 377/416/377 376/415/376 400/464/400 401/441/401
f 370/418/370 369/417/369 393/465/393 394/443/394
f 385/420/385 384/419/384 408/466/408 409/445/409
f 410/446/410 409/445/409 433/467/433 434/468/434
f 403/447/403 402/442/402 426/469/426 427/470/427
f 396/448/396 395/444/395 419/471/419 420/472/420
f 411/449/411 410/446/410 434/468/434 435/473/435
f 389/451/389 869/474/869 413/475/413
f 404/452/404 403/447/403 427/470/427 428/476/428
f 397/453/397 396/448/396 420/472/420 421/477/421
f 412/454/412 411/449/411 435/473/435 436/478/436
f 390/455/390 389/451/389 413/475/413 414/479/414
f 405/456/405 404/452/404 428/476/428 429/480/429
f 398/457/398 397/453/397 421/477/421 422/481/422
f 196/482/196 412/454/412 436/478/436
f 391/459/391 390/455/390 414/479/414 415/483/415
f 406/460/406 405/456/405 429/480/429 430/484/430
f 399/461/399 398/457/398 422/481/422 423/485/423
f 392/462/392 391/459/391 415/483/415 416/486/416
f 407/463/407 406/460/406 430/484/430 431/487/431
f 400/464/400 399/461/399 423/485/423 424/488/424
f 393/465/393 392/462/392 416/486/416 417/489/417
f 408/466/408 407/463/407 431/487/431 432/490/432
f 401/441/401 400/464/400 424/488/424 425/491/425
f 394/443/394 393/465/393 417/489/417 418/492/418
f 409/445/409 408/466/408 432/490/432 433/467/433
f 402/442/402 401/441/401 425/491/425 426/469/426
f 395/444/395 394/443/394 418/492/418 419/471/419
f 420/472/420 419/471/419 443/493/443 444/494/444
f 435/473/435 434/468/434 458/495/458 459/496/459
f 413/475/413 869/497/869 437/498/437
f 428/476/428 427/470/427 451/499/451 452/500/452
f 421/477/421 420/472/420 444/494/444 445/501/445
f 436/478/436 435/473/435 459/496/459 460/502/460
f 414/479/414 413/475/413 437/498/437 438/503/438
f 429/480/429 428/476/428 452/500/452 453/504/453
f 422/481/422 421/477/421 445/501/445 446/505/446
f 196/506/196 436/478/436 460/502/460
f 415/483/415 414/479/414 438/503/438 439/507/439
f 430/484/430 429/480/429 453/504/453 454/508/454
f 423/485/423 422/481/422 446/505/446 447/509/447
f 416/486/416 415/483/415 439/507/439 440/510/440
f 431/487/431 430/484/430 454/508/454 455/511/455
f 424/488/424 423/485/423 447/509/447 448/512/448
f 417/489/417 416/486/416 440/510/440 441/513/441
f 432/490/432 431/487/431 455/511/455 456/514/456
f 425/491/425 424/488/424 448/512/448 449/515/449
f 418/492/418 417/489/417 441/513/441 442/516/442
f 433/467/433 432/490/432 456/514/456 457/517/457
f 426/469/426 425/491/425 449/515/449 450/518/450
f 419/471/419 418/492/418 442/516/442 443/493/443
f 434/468/434 433/467/433 457/517/457 458/495/458
f 427/470/427 426/469/426 450/518/450 451/499/451
f 445/501/445 444/494/444 468/519/468 469/520/469
f 460/502/460 459/496/459 483/521/483 484/522/484
f 438/503/438 437/498/437 461/523/461 462/524/462
f 453/504/453 452/500/452 476/525/476 477/526/477
f 446/505/446 445/501/445 469/520/469 470/527/470
f 196/528/196 460/502/460 484/522/484
f 439/507/439 438/503/438 462/524/462 463/529/463
f 454/508/454 453/504/453 477/526/477 478/530/478
f 447/509/447 446/505/446 470/527/470 471/531/471
f 440/510/440 439/507/439 463/529/463 464/532/464
f 455/511/455 454/508/454 478/530/478 479/533/479
f 448/512/448 447/509/447 471/531/471 472/534/472
f 441/513/441 440/510/440 464/532/464 465/535/465
f 456/514/456 455/511/455 479/533/479 480/536/480
f 449/515/449 448/512/448 472/534/472 473/537/473
f 442/516/442 441/513/441 465/535/465 466/538/466
f 457/517/457 456/514/456 480/536/480 481/539/481
f 450/518/450 449/515/449 473/537/473 474/540/474
f 443/493/443 442/516/442 466/538/466 467/541/467
f 458/495/458 457/517/457 481/539/481 482/542/482
f 451/499/451 450/518/450 474/540/474 475/543/475
f 444/494/444 443/493/443 467/541/467 468/519/468
f 459/496/459 458/495/458 482/542/482 483/521/483
f 437/498/437 869/544/869 461/523/461
f 452/500/452 451/499/451 475/543/475 476/525/476
f 477/526/477 476/525/476 500/545/500 501/546/501
f 470/527/470 469/520/469 493/547/493 494/548/494
f 196/549/196 484/522/484 508/550/508
f 463/529/463 462/524/462 486/551/486 487/552/487
f 478/530/478 477/526/477 501/546/501 502/553/502
f 471/531/471 470/527/470 494/548/494 495/554/495
f 464/532/464 463/529/463 487/552/487 488/555/488
f 479/533/479 478/530/478 502/553/502 503/556/503
f 472/534/472 471/531/471 495/554/495 496/557/496
f 465/535/465 464/532/464 488/555/488 489/558/489
f 480/536/480 479/533/479 503/556/503 504/559/504
f 473/537/473 472/534/472 496/557/496 497/560/497
f 466/538/466 465/535/465 489/558/489 490/561/490
f 481/539/481 480/536/480 504/559/504 505/562/505
f 474/540/474 473/537/473 497/560/497 498/563/498
f 467/541/467 466/538/466 490/561/490 491/564/491
f 482/542/482 481/539/481 505/562/505 506/565/506
f 475/543/475 474/540/474 498/563/498 499/566/499
f 468/519/468 467/541/467 491/564/491 492/567/492
f 483/521/483 482/542/482 506/565/506 507/568/507
f 461/523/461 869/569/869 485/570/485
f 476/525/476 475/543/475 499/566/499 500/545/500
f 469/520/469 468/519/468 492/567/492 493/547/493
f 484/522/484 483/521/483 507/568/507 508/550/508
f 462/524/462 461/523/461 485/570/485 486/551/486
f 487/552/487 486/551/486 510/571/510 511/572/511
f 502/553/502 501/546/501 525/573/525 526/574/526
f 495/554/495 494/548/494 518/575/518 519/576/519
f 488/555/488 487/552/487 511/572/511 512/577/512
f 503/556/503 502/553/502 526/574/526 527/578/527
f 496/557/496 495/554/495 519/576/519 520/579/520
f 489/558/489 488/555/488 512/577/512 513/580/513
f 504/559/504 503/556/503 527/578/527 528/581/528
f 497/560/497 496/557/496 520/579/520 521/582/521
f 490/561/490 489/558/489 513/580/513 514/583/514
f 505/562/505 504/559/504 528/581/528 529/584/529
f 498/563/498 497/560/497 521/582/521 522/585/522
f 491/564/491 490/561/490 514/583/514 515/586/515
f 506/565/506 505/562/505 529/584/529 530/587/530
f 499/566/499 498/563/498 522/585/522 523/588/523
f 492/567/492 491/564/491 515/586/515 516/589/516
f 507/568/507 506/565/506 530/587/530 531/590/531
f 485/570/485 869/591/869 509/592/509
f 500/545/500 499/566/499 523/588/523 524/593/524
f 493/547/493 492/567/492 516/589/516 517/594/517
f 508/550/508 507/568/507 531/590/531 532/595/532
f 486/551/486 485/570/485 509/592/509 510/571/510
f 501/546/501 500/545/500 524/593/524 525/573/525
f 494/548/494 493/547/493 517/594/517 518/575/518
f 196/596/196 508/550/508 532/595/532
f 512/577/512 511/572/511 535/597/535 536/598/536
f 527/578/527 526/574/526 550/599/550 551/600/551
f 520/579/520 519/576/519 543/601/543 544/602/544
f 513/580/513 512/577/512 536/598/536 537/603/537
f 528/581/528 527/578/527 551/600/551 552/604/552
f 521/582/521 520/579/520 544/602/544 545/605/545
f 514/583/514 513/580/513 537/603/537 538/606/538
f 529/584/529 528/581/528 552/604/552 553/607/553
f 522/585/522 521/582/521 545/605/545 546/608/546
f 515/586/515 514/583/514 538/606/538 539/609/539
f 530/587/530 529/584/529 553/607/553 554/610/554
f 523/588/523 522/585/522 546/608/546 547/611/547
f 516/589/516 515/586/515 539/609/539 540/612/540
f 531/590/531 530/587/530 554/610/554 555/613/555
f 509/592/509 869/614/869 533/615/533
f 524/593/524 523/588/523 547/611/547 548/616/548
f 517/594/517 516/589/516 540/612/540 541/617/541
f 532/595/532 531/590/531 555/613/555 556/618/556
f 510/571/510 509/592/509 533/615/533 534/619/534
f 525/573/525 524/593/524 548/616/548 549/620/549
f 518/575/518 517/594/517 541/617/541 542/621/542
f 196/622/196 532/595/532 556/618/556
f 511/572/511 510/571/510 534/619/534 535/597/535
f 526/574/526 525/573/525 549/620/549 550/599/550
f 519/576/519 518/575/518 542/621/542 543/601/543
f 544/602/544 543/601/543 567/623/567 568/624/568
f 537/603/537 536/598/536 560/625/560 561/626/561
f 552/604/552 551/600/551 575/627/575 576/628/576
f 545/605/545 544/602/544 568/624/568 569/629/569
f 538/606/538 537/603/537 561/626/561 562/630/562
f 553/607/553 552/604/552 576/628/576 577/631/577
f 546/608/546 545/605/545 569/629/569 570/632/570
f 539/609/539 538/606/538 562/630/562 563/633/563
f 554/610/554 553/607/553 577/631/577 578/634/578
f 547/611/547 546/608/546 570/632/570 571/635/571
f 540/612/540 539/609/539 563/633/563 564/636/564
f 555/613/555 554/610/554 578/634/578 579/637/579
f 533/615/533 869/638/869 557/639/557
f 548/616/548 547/611/547 571/635/571 572/640/572
f 541/617/541 540/612/540 564/636/564 565/641/565
f 556/618/556 555/613/555 579/637/579 580/642/580
f 534/619/534 533/615/533 557/639/557 558/643/558
f 549/620/549 548/616/548 572/640/572 573/644/573
f 542/621/542 541/617/541 565/641/565 566/645/566
f 196/646/196 556/618/556 580/642/580
f 535/597/535 534/619/534 558/643/558 559/647/559
f 550/599/550 549/620/549 573/644/573 574/648/574
f 543/601/543 542/621/542 566/645/566 567/623/567
f 536/598/536 535/597/535 559/647/559 560/625/560
f 551/600/551 550/599/550 574/648/574 575/627/575
f 569/629/569 568/624/568 592/649/592 593/650/593
f 562/630/562 561/626/561 585/651/585 586/652/586
f 577/631/577 576/628/576 600/653/600 601/654/601
f 570/632/570 569/629/569 593/650/593 594/655/594
f 563/633/563 562/630/562 586/652/586 587/656/587
f 578/634/578 577/631/577 601/654/601 602/657/602
f 571/635/571 570/632/570 594/655/594 595/658/595
f 564/636/564 563/633/563 587/656/587 588/659/588
f 579/637/579 578/634/578 602/657/602 603/660/603
f 557/639/557 869/661/869 581/662/581
f 572/640/572 571/635/571 595/658/595 596/663/596
f 565/641/565 564/636/564 588/659/588 589/664/589
f 580/642/580 579/637/579 603/660/603 604/665/604
f 558/643/558 557/639/557 581/662/581 582/666/582
f 573/644/573 572/640/572 596/663/596 597/667/597
f 566/645/566 565/641/565 589/664/589 590/668/590
f 196/669/196 580/642/580 604/665/604
f 559/647/559 558/643/558 582/666/582 583/670/583
f 574/648/574 573/644/573 597/667/597 598/671/598
f 567/623/567 566/645/566 590/668/590 591/672/591
f 560/625/560 559/647/559 583/670/583 584/673/584
f 575/627/575 574/648/574 598/671/598 599/674/599
f 568/624/568 567/623/567 591/672/591 592/649/592
f 561/626/561 560/625/560 584/673/584 585/651/585
f 576/628/576 575/627/575 599/674/599 600/653/600
f 601/654/601 600/653/600 624/675/624 625/676/625
f 594/655/594 593/650/593 617/677/617 618/678/618
f 587/656/587 586/652/586 610/679/610 611/680/611
f 602/657/602 601/654/601 625/676/625 626/681/626
f 595/658/595 594/655/594 618/678/618 619/682/619
f 588/659/588 587/656/587 611/680/611 612/683/612
f 603/660/603 602/657/602 626/681/626 627/684/627
f 581/662/581 869/685/869 605/686/605
f 596/663/596 595/658/595 619/682/619 620/687/620
f 589/664/589 588/659/588 612/683/612 613/688/613
f 604/665/604 603/660/603 627/684/627 628/689/628
f 582/666/582 581/662/581 605/686/605 606/690/606
f 597/667/597 596/663/596 620/687/620 621/691/621
f 590/668/590 589/664/589 613/688/613 614/692/614
f 196/693/196 604/665/604 628/689/628
f 583/670/583 582/666/582 606/690/606 607/694/607
f 598/671/598 597/667/597 621/691/621 622/695/622
f 591/672/591 590/668/590 614/692/614 615/696/615
f 584/673/584 583/670/583 607/694/607 608/697/608
f 599/674/599 598/671/598 622/695/622 623/698/623
f 592/649/592 591/672/591 615/696/615 616/699/616
f 585/651/585 584/673/584 608/697/608 609/700/609
f 600/653/600 599/674/599 623/698/623 624/675/624
f 593/650/593 592/649/592 616/699/616 617/677/617
f 586/652/586 585/651/585 609/700/609 610/679/610
f 611/680/611 610/679/610 634/701/634 635/702/635
f 626/681/626 625/676/625 649/703/649 650/704/650
f 619/682/619 618/678/618 642/705/642 643/706/643
f 612/683/612 611/680/611 635/702/635 636/707/636
f 627/684/627 626/681/626 650/704/650 651/708/651
f 605/686/605 869/709/869 629/710/629
f 620/687/620 619/682/619 643/706/643 644/711/644
f 613/688/613 612/683/612 636/707/636 637/712/637
f 628/689/628 627/684/627 651/708/651 652/713/652
f 606/690/606 605/686/605 629/710/629 630/714/630
f 621/691/621 620/687/620 644/711/644 645/715/645
f 614/692/614 613/688/613 637/712/637 638/716/638
f 196/717/196 628/689/628 652/713/652
f 607/694/607 606/690/606 630/714/630 631/718/631
f 622/695/622 621/691/621 645/715/645 646/719/646
f 615/696/615 614/692/614 638/716/638 639/720/639
f 608/697/608 607/694/607 631/718/631 632/721/632
f 623/698/623 622/695/622 646/719/646 647/722/647
f 616/699/616 615/696/615 639/720/639 640/723/640
f 609/700/609 608/697/608 632/721/632 633/724/633
f 624/675/624 623/698/623 647/722/647 648/725/648
f 617/677/617 616/699/616 640/723/640 641/726/641
f 610/679/610 609/700/609 633/724/633 634/701/634
f 625/676/625 624/675/624 648/725/648 649/703/649
f 618/678/618 617/677/617 641/726/641 642/705/642
f 636/707/636 635/702/635 659/727/659 660/728/660
f 651/708/651 650/704/650 674/729/674 675/730/675
f 629/710/629 869/731/869 653/732/653
f 644/711/644 643/706/643 667/733/667 668/734/668
f 637/712/637 636/707/636 660/728/660 661/735/661
f 652/713/652 651/708/651 675/730/675 676/736/676
f 630/714/630 629/710/629 653/732/653 654/737/654
f 645/715/645 644/711/644 668/734/668 669/738/669
f 638/716/638 637/712/637 661/735/661 662/739/662
f 196/740/196 652/713/652 676/736/676
f 631/718/631 630/714/630 654/737/654 655/741/655
f 646/719/646 645/715/645 669/738/669 670/742/670
f 639/720/639 638/716/638 662/739/662 663/743/663
f 632/721/632 631/718/631 655/741/655 656/744/656
f 647/722/647 646/719/646 670/742/670 671/745/671
f 640/723/640 639/720/639 663/743/663 664/746/664
f 633/724/633 632/721/632 656/744/656 657/747/657
f 648/725/648 647/722/647 671/745/671 672/748/672
f 641/726/641 640/723/640 664/746/664 665/749/665
f 634/701/634 633/724/633 657/747/657 658/750/658
f 649/703/649 648/725/648 672/748/672 673/751/673
f 642/705/642 641/726/641 665/749/665 666/752/666
f 635/702/635 634/701/634 658/750/658 659/727/659
f 650/704/650 649/703/649 673/751/673 674/729/674
f 643/706/643 642/705/642 666/752/666 667/733/667
f 668/734/668 667/733/667 691/753/691 692/754/692
f 661/735/661 660/728/660 684/755/684 685/756/685
f 676/736/676 675/730/675 699/757/699 700/758/700
f 654/737/654 653/732/653 677/759/677 678/760/678
f 669/738/669 668/734/668 692/754/692 693/761/693
f 662/739/662 661/735/661 685/756/685 686/762/686
f 196/763/196 676/736/676 700/758/700
f 655/741/655 654/737/654 678/760/678 679/764/679
f 670/742/670 669/738/669 693/761/693 694/765/694
f 663/743/663 662/739/662 686/762/686 687/766/687
f 656/744/656 655/741/655 679/764/679 680/767/680
f 671/745/671 670/742/670 694/765/694 695/768/695
f 664/746/664 663/743/663 687/766/687 688/769/688
f 657/747/657 656/744/656 680/767/680 681/770/681
f 672/748/672 671/745/671 695/768/695 696/771/696
f 665/749/665 664/746/664 688/769/688 689/772/689
f 658/750/658 657/747/657 681/770/681 682/773/682
f 673/751/673 672/748/672 696/771/696 697/774/697
f 666/752/666 665/749/665 689/772/689 690/775/690
f 659/727/659 658/750/658 682/773/682 683/776/683
f 674/729/674 673/751/673 697/774/697 698/777/698
f 667/733/667 666/752/666 690/775/690 691/753/691
f 660/728/660 659/727/659 683/776/683 684/755/684
f 675/730/675 674/729/674 698/777/698 699/757/699
f 653/732/653 869/778/869 677/759/677
f 678/760/678 677/759/677 701/779/701 702/780/702
f 693/761/693 692/754/692 716/781/716 717/782/717
f 686/762/686 685/756/685 709/783/709 710/784/710
f 196/785/196 700/758/700 724/786/724
f 679/764/679 678/760/678 702/780/702 703/787/703
f 694/765/694 693/761/693 717/782/717 718/788/718
f 687/766/687 686/762/686 710/784/710 711/789/711
f 680/767/680 679/764/679 703/787/703 704/790/704
f 695/768/695 694/765/694 718/788/718 719/791/719
f 688/769/688 687/766/687 711/789/711 712/792/712
f 681/770/681 680/767/680 704/790/704 705/793/705
f 696/771/696 695/768/695 719/791/719 720/794/720
f 689/772/689 688/769/688 712/792/712 713/795/713
f 682/773/682 681/770/681 705/793/705 706/796/706
f 697/774/697 696/771/696 720/794/720 721/797/721
f 690/775/690 689/772/689 713/795/713 714/798/714
f 683/776/683 682/773/682 706/796/706 707/799/707
f 698/777/698 697/774/697 721/797/721 722/800/722
f 691/753/691 690/775/690 714/798/714 715/801/715
f 684/755/684 683/776/683 707/799/707 708/802/708
f 699/757/699 698/777/698 722/800/722 723/803/723
f 677/759/677 869/804/869 701/779/701
f 692/754/692 691/753/691 715/801/715 716/781/716
f 685/756/685 684/755/684 708/802/708 709/783/709
f 700/758/700 699/757/699 723/803/723 724/786/724
f 196/805/196 724/786/724 748/806/748
f 703/787/703 702/780/702 726/807/726 727/808/727
f 718/788/718 717/782/717 741/809/741 742/810/742
f 711/789/711 710/784/710 734/811/734 735/812/735
f 704/790/704 703/787/703 727/808/727 728/813/728
f 719/791/719 718/788/718 742/810/742 743/814/743
f 712/792/712 711/789/711 735/812/735 736/815/736
f 705/793/705 704/790/704 728/813/728 729/816/729
f 720/794/720 719/791/719 743/814/743 744/817/744
f 713/795/713 712/792/712 736/815/736 737/818/737
f 706/796/706 705/793/705 729/816/729 730/819/730
f 721/797/721 720/794/720 744/817/744 745/820/745
f 714/798/714 713/795/713 737/818/737 738/821/738
f 707/799/707 706/796/706 730/819/730 731/822/731
f 722/800/722 721/797/721 745/820/745 746/823/746
f 715/801/715 714/798/714 738/821/738 739/824/739
f 708/802/708 707/799/707 731/822/731 732/825/732
f 723/803/723 722/800/722 746/823/746 747/826/747
f 701/779/701 869/827/869 725/828/725
f 716/781/716 715/801/715 739/824/739 740/829/740
f 709/783/709 708/802/708 732/825/732 733/830/733
f 724/786/724 723/803/723 747/826/747 748/806/748
f 702/780/702 701/779/701 725/828/725 726/807/726
f 717/782/717 716/781/716 740/829/740 741/809/741
f 710/784/710 709/783/709 733/830/733 734/811/734
f 735/812/735 734/811/734 758/831/758 759/832/759
f 728/813/728 727/808/727 751/833/751 752/834/752
f 743/814/743 742/810/742 766/835/766 767/836/767
f 736/815/736 735/812/735 759/832/759 760/837/760
f 729/816/729 728/813/728 752/834/752 753/838/753
f 744/817/744 743/814/743 767/836/767 768/839/768
f 737/818/737 736/815/736 760/837/760 761/840/761
f 730/819/730 729/816/729 753/838/753 754/841/754
f 745/820/745 744/817/744 768/839/768 769/842/769
f 738/821/738 737/818/737 761/840/761 762/843/762
f 731/822/731 730/819/730 754/841/754 755/844/755
f 746/823/746 745/820/745 769/842/769 770/845/770
f 739/824/739 738/821/738 762/843/762 763/846/763
f 732/825/732 731/822/731 755/844/755 756/847/756
f 747/826/747 746/823/746 770/845/770 771/848/771
f 725/828/725 869/849/869 749/850/749
f 740/829/740 739/824/739 763/846/763 764/851/764
f 733/830/733 732/825/732 756/847/756 757/852/757
f 748/806/748 747/826/747 771/848/771 772/853/772
f 726/807/726 725/828/725 749/850/749 750/854/750
f 741/809/741 740/829/740 764/851/764 765/855/765
f 734/811/734 733/830/733 757/852/757 758/831/758
f 196/856/196 748/806/748 772/853/772
f 727/808/727 726/807/726 750/854/750 751/833/751
f 742/810/742 741/809/741 765/855/765 766/835/766
f 760/837/760 759/832/759 783/857/783 784/858/784
f 753/838/753 752/834/752 776/859/776 777/860/777
f 768/839/768 767/836/767 791/861/791 792/862/792
f 761/840/761 760/837/760 784/858/784 785/863/785
f 754/841/754 753/838/753 777/860/777 778/864/778
f 769/842/769 768/839/768 792/862/792 793/865/793
f 762/843/762 761/840/761 785/863/785 786/866/786
f 755/844/755 754/841/754 778/864/778 779/867/779
f 770/845/770 769/842/769 793/865/793 794/868/794
f 763/846/763 762/843/762 786/866/786 787/869/787
f 756/847/756 755/844/755 779/867/779 780/870/780
f 771/848/771 770/845/770 794/868/794 795/871/795
f 749/850/749 869/872/869 773/873/773
f 764/851/764 763/846/763 787/869/787 788/874/788
f 757/852/757 756/847/756 780/870/780 781/875/781
f 772/853/772 771/848/771 795/871/795 796/876/796
f 750/854/750 749/850/749 773/873/773 774/877/774
f 765/855/765 764/851/764 788/874/788 789/878/789
f 758/831/758 757/852/757 781/875/781 782/879/782
f 196/880/196 772/853/772 796/876/796
f 751/833/751 750/854/750 774/877/774 775/881/775
f 766/835/766 765/855/765 789/878/789 790/882/790
f 759/832/759 758/831/758 782/879/782 783/857/783
f 752/834/752 751/833/751 775/881/775 776/859/776
f 767/836/767 766/835/766 790/882/790 791/861/791
f 783/857/783 782/879/782 806/883/806 807/884/807
f 776/859/776 775/881/775 799/885/799 800/886/800
f 791/861/791 790/882/790 814/887/814 815/888/815
f 784/858/784 783/857/783 807/884/807 808/889/808
f 777/860/777 776/859/776 800/886/800 801/890/801
f 792/862/792 791/861/791 815/888/815 816/891/816
f 785/863/785 784/858/784 808/889/808 809/892/809
f 778/864/778 777/860/777 801/890/801 802/893/802
f 793/865/793 792/862/792 816/891/816 817/894/817
f 786/866/786 785/863/785 809/892/809 810/895/810
f 779/867/779 778/864/778 802/893/802 803/896/803
f 794/868/794 793/865/793 817/894/817 818/897/818
f 787/869/787 786/866/786 810/895/810 811/898/811
f 780/870/780 779/867/779 803/896/803 804/899/804
f 795/871/795 794/868/794 818/897/818 819/900/819
f 773/873/773 869/901/869 797/902/797
f 788/874/788 787/869/787 811/898/811 812/903/812
f 781/875/781 780/870/780 804/899/804 805/904/805
f 796/876/796 795/871/795 819/900/819 820/905/820
f 774/877/774 773/873/773 797/902/797 798/906/798
f 789/878/789 788/874/788 812/903/812 813/907/813
f 782/879/782 781/875/781 805/904/805 806/883/806
f 196/908/196 796/876/796 820/905/820
f 775/881/775 774/877/774 798/906/798 799/885/799
f 790/882/790 789/878/789 813/907/813 814/887/814
f 815/888/815 814/887/814 838/909/838 839/910/839
f 808/889/808 807/884/807 831/911/831 832/912/832
f 801/890/801 800/886/800 824/913/824 825/914/825
f 816/891/816 815/888/815 839/910/839 840/915/840
f 809/892/809 808/889/808 832/912/832 833/916/833
f 802/893/802 801/890/801 825/914/825 826/917/826
f 817/894/817 816/891/816 840/915/840 841/918/841
f 810/895/810 809/892/809 833/916/833 834/919/834
f 803/896/803 802/893/802 826/917/826 827/920/827
f 818/897/818 817/894/817 841/918/841 842/921/842
f 811/898/811 810/895/810 834/919/834 835/922/835
f 804/899/804 803/896/803 827/920/827 828/923/828
f 819/900/819 818/897/818 842/921/842 843/924/843
f 797/902/797 869/925/869 821/926/821
f 812/903/812 811/898/811 835/922/835 836/927/836
f 805/904/805 804/899/804 828/923/828 829/928/829
f 820/905/820 819/900/819 843/924/843 844/929/844
f 798/906/798 797/902/797 821/926/821 822/930/822
f 813/907/813 812/903/812 836/927/836 837/931/837
f 806/883/806 805/904/805 829/928/829 830/932/830
f 196/933/196 820/905/820 844/929/844
f 799/885/799 798/906/798 822/930/822 823/934/823
f 814/887/814 813/907/813 837/931/837 838/909/838
f 807/884/807 806/883/806 830/932/830 831/911/831
f 800/886/800 799/885/799 823/934/823 824/913/824
f 825/914/825 824/913/824 848/935/848 849/936/849
f 840/915/840 839/910/839 863/937/863 864/938/864
f 833/916/833 832/912/832 856/939/856 857/940/857
f 826/917/826 825/914/825 849/936/849 850/941/850
f 841/918/841 840/915/840 864/938/864 865/942/865
f 834/919/834 833/916/833 857/940/857 858/943/858
f 827/920/827 826/917/826 850/941/850 851/944/851
f 842/921/842 841/918/841 865/942/865 866/945/866
f 835/922/835 834/919/834 858/943/858 859/946/859
f 828/923/828 827/920/827 851/944/851 852/947/852
f 843/924/843 842/921/842 866/945/866 867/948/867
f 821/926/821 869/949/869 845/950/845
f 836/927/836 835/922/835 859/946/859 860/951/860
f 829/928/829 828/923/828 852/947/852 853/952/853
f 844/929/844 843/924/843 867/948/867 868/953/868
f 822/930/822 821/926/821 845/950/845 846/954/846
f 837/931/837 836/927/836 860/951/860 861/955/861
f 830/932/830 829/928/829 853/952/853 854/956/854
f 196/957/196 844/929/844 868/953/868
f 823/934/823 822/930/822 846/954/846 847/958/847
f 838/909/838 837/931/837 861/955/861 862/959/862
f 831/911/831 830/932/830 854/956/854 855/960/855
f 824/913/824 823/934/823 847/958/847 848/935/848
f 839/910/839 838/909/838 862/959/862 863/937/863
f 832/912/832 831/911/831 855/960/855 856/939/856
f 850/941/850 849/936/849 874/961/874 875/962/875
f 865/942/865 864/938/864 889/963/889 890/964/890
f 858/943/858 857/940/857 882/965/882 883/966/883
f 851/944/851 850/941/850 875/962/875 876/967/876
f 866/945/866 865/942/865 890/964/890 891/968/891
f 859/946/859 858/943/858 883/966/883 884/969/884
f 852/947/852 851/944/851 876/967/876 877/970/877
f 867/948/867 866/945/866 891/968/891 892/971/892
f 845/950/845 869/972/869 870/973/870
f 860/951/860 859/946/859 884/969/884 885/974/885
f 853/952/853 852/947/852 877/970/877 878/975/878
f 868/953/868 867/948/867 892/971/892 893/976/893
f 846/954/846 845/950/845 870/973/870 871/977/871
f 861/955/861 860/951/860 885/974/885 886/978/886
f 854/956/854 853/952/853 878/975/878 879/979/879
f 196/980/196 868/953/868 893/976/893
f 847/958/847 846/954/846 871/977/871 872/981/872
f 862/959/862 861/955/861 886/978/886 887/982/887
f 855/960/855 854/956/854 879/979/879 880/983/880
f 848/935/848 847/958/847 872/981/872 873/984/873
f 863/937/863 862/959/862 887/982/887 888/985/888
f 856/939/856 855/960/855 880/983/880 881/986/881
f 849/936/849 848/935/848 873/984/873 874/961/874
f 864/938/864 863/937/863 888/985/888 889/963/889
f 857/940/857 856/939/856 881/986/881 882/965/882
f 883/987/883 882/988/882 906/989/906 907/990/907
f 876/991/876 875/992/875 899/993/899 900/994/900
f 891/995/891 890/996/890 914/997/914 915/998/915
f 884/999/884 883/987/883 907/990/907 908/1000/908
f 877/1001/877 876/991/876 900/994/900 901/1002/901
f 892/1003/892 891/995/891 915/998/915 916/1004/916
f 870/1005/870 869/1006/869 894/1007/894
f 885/1008/885 884/999/884 908/1000/908 909/1009/909
f 878/1010/878 877/1001/877 901/1002/901 902/1011/902
f 893/1012/893 892/1003/892 916/1004/916 917/1013/917
f 871/1014/871 870/1005/870 894/1007/894 895/1015/895
f 886/1016/886 885/1008/885 909/1009/909 910/1017/910
f 879/1018/879 878/1010/878 902/1011/902 903/1019/903
f 196/1020/196 893/1012/893 917/1013/917
f 872/1021/872 871/1014/871 895/1015/895 896/1022/896
f 887/1023/887 886/1016/886 910/1017/910 911/1024/911
f 880/1025/880 879/1018/879 903/1019/903 904/1026/904
f 873/1027/873 872/1021/872 896/1022/896 897/1028/897
f 888/1029/888 887/1023/887 911/1024/911 912/1030/912
f 881/1031/881 880/1025/880 904/1026/904 905/1032/905
f 874/1033/874 873/1027/873 897/1028/897 898/1034/898
f 889/1035/889 888/1029/888 912/1030/912 913/1036/913
f 882/988/882 881/1031/881 905/1032/905 906/989/906
f 875/992/875 874/1033/874 898/1034/898 899/993/899
f 890/996/890 889/1035/889 913/1036/913 914/997/914
f 908/1000/908 907/990/907 931/1037/931 932/1038/932
f 901/1002/901 900/994/900 924/1039/924 925/1040/925
f 916/1004/916 915/998/915 939/1041/939 940/1042/940
f 894/1007/894 869/1043/869 918/1044/918
f 909/1009/909 908/1000/908 932/1038/932 933/1045/933
f 902/1011/902 901/1002/901 925/1040/925 926/1046/926
f 917/1013/917 916/1004/916 940/1042/940 941/1047/941
f 895/1015/895 894/1007/894 918/1044/918 919/1048/919
f 910/1017/910 909/1009/909 933/1045/933 934/1049/934
f 903/1019/903 902/1011/902 926/1046/926 927/1050/927
f 196/1051/196 917/1013/917 941/1047/941
f 896/1022/896 895/1015/895 919/1048/919 920/1052/920
f 911/1024/911 910/1017/910 934/1049/934 935/1053/935
f 904/1026/904 903/1019/903 927/1050/927 928/1054/928
f 897/1028/897 896/1022/896 920/1052/920 921/1055/921
f 912/1030/912 911/1024/911 935/1053/935 936/1056/936
f 905/1032/905 904/1026/904 928/1054/928 929/1057/929
f 898/1034/898 897/1028/897 921/1055/921 922/1058/922
f 913/1036/913 912/1030/912 936/1056/936 937/1059/937
f 906/989/906 905/1032/905 929/1057/929 930/1060/930
f 899/993/899 898/1034/898 922/1058/922 923/1061/923
f 914/997/914 913/1036/913 937/1059/937 938/1062/938
f 907/990/907 906/989/906 930/1060/930 931/1037/931
f 900/994/900 899/993/899 923/1061/923 924/1039/924
f 915/998/915 914/997/914 938/1062/938 939/1041/939
f 940/1042/940 939/1041/939 963/1063/963 964/1064/964
f 918/1044/918 869/1065/869 942/1066/942
f 933/1045/933 932/1038/932 956/1067/956 957/1068/957
f 926/1046/926 925/1040/925 949/1069/949 950/1070/950
f 941/1047/941 940/1042/940 964/1064/964 965/1071/965
f 919/1048/919 918/1044/918 942/1066/942 943/1072/943
f 934/1049/934 933/1045/933 957/1068/957 958/1073/958
f 927/1050/927 926/1046/926 950/1070/950 951/1074/951
f 196/1075/196 941/1047/941 965/1071/965
f 920/1052/920 919/1048/919 943/1072/943 944/1076/944
f 935/1053/935 934/1049/934 958/1073/958 959/1077/959
f 928/1054/928 927/1050/927 951/1074/951 952/1078/952
f 921/1055/921 920/1052/920 944/1076/944 945/1079/945
f 936/1056/936 935/1053/935 959/1077/959 960/1080/960
f 929/1057/929 928/1054/928 952/1078/952 953/1081/953
f 922/1058/922 921/1055/921 945/1079/945 946/1082/946
f 937/1059/937 936/1056/936 960/1080/960 961/1083/961
f 930/1060/930 929/1057/929 953/1081/953 954/1084/954
f 923/1061/923 922/1058/922 946/1082/946 947/1085/947
f 938/1062/938 937/1059/937 961/1083/961 962/1086/962
f 931/1037/931 930/1060/930 954/1084/954 955/1087/955
f 924/1039/924 923/1061/923 947/1085/947 948/1088/948
f 939/1041/939 938/1062/938 962/1086/962 963/1063/963
f 932/1038/932 931/1037/931 955/1087/955 956/1067/956
f 925/1040/925 924/1039/924 948/1088/948 949/1069/949
f 950/1070/950 949/1069/949 973/1089/973 974/1090/974
f 965/1071/965 964/1064/964 988/1091/988 989/1092/989
f 943/1072/943 942/1066/942 966/1093/966 967/1094/967
f 958/1073/958 957/1068/957 981/1095/981 982/1096/982
f 951/1074/951 950/1070/950 974/1090/974 975/1097/975
f 196/1098/196 965/1071/965 989/1092/989
f 944/1076/944 943/1072/943 967/1094/967 968/1099/968
f 959/1077/959 958/1073/958 982/1096/982 983/1100/983
f 952/1078/952 951/1074/951 975/1097/975 976/1101/976
f 945/1079/945 944/1076/944 968/1099/968 969/1102/969
f 960/1080/960 959/1077/959 983/1100/983 984/1103/984
f 953/1081/953 952/1078/952 976/1101/976 977/1104/977
f 946/1082/946 945/1079/945 969/1102/969 970/1105/970
f 961/1083/961 960/1080/960 984/1103/984 985/1106/985
f 954/1084/954 953/1081/953 977/1104/977 978/1107/978
f 947/1085/947 946/1082/946 970/1105/970 971/1108/971
f 962/1086/962 961/1083/961 985/1106/985 986/1109/986
f 955/1087/955 954/1084/954 978/1107/978 979/1110/979
f 948/1088/948 947/1085/947 971/1108/971 972/1111/972
f 963/1063/963 962/1086/962 986/1109/986 987/1112/987
f 956/1067/956 955/1087/955 979/1110/979 980/1113/980
f 949/1069/949 948/1088/948 972/1111/972 973/1089/973
f 964/1064/964 963/1063/963 987/1112/987 988/1091/988
f 942/1066/942 869/1114/869 966/1093/966
f 957/1068/957 956/1067/956 980/1113/980 981/1095/981
f 975/1097/975 974/1090/974 998/1115/998 999/1116/999
f 196/1117/196 989/1092/989 1013/1118/1013
f 968/1099/968 967/1094/967 991/1119/991 992/1120/992
f 983/1100/983 982/1096/982 1006/1121/1006 1007/1122/1007
f 976/1101/976 975/1097/975 999/1116/999 1000/1123/1000
f 969/1102/969 968/1099/968 992/1120/992 993/1124/993
f 984/1103/984 983/1100/983 1007/1122/1007 1008/1125/1008
f 977/1104/977 976/1101/976 1000/1123/1000 1001/1126/1001
f 970/1105/970 969/1102/969 993/1124/993 994/1127/994
f 985/1106/985 984/1103/984 1008/1125/1008 1009/1128/1009
f 978/1107/978 977/1104/977 1001/1126/1001 1002/1129/1002
f 971/1108/971 970/1105/970 994/1127/994 995/1130/995
f 986/1109/986 985/1106/985 1009/1128/1009 1010/1131/1010
f 979/1110/979 978/1107/978 1002/1129/1002 1003/1132/1003
f 972/1111/972 971/1108/971 995/1130/995 996/1133/996
f 987/1112/987 986/1109/986 1010/1131/1010 1011/1134/1011
f 980/1113/980 979/1110/979 1003/1132/1003 1004/1135/1004
f 973/1089/973 972/1111/972 996/1133/996 997/1136/997
f 988/1091/988 987/1112/987 1011/1134/1011 1012/1137/1012
f 966/1093/966 869/1138/869 990/1139/990
f 981/1095/981 980/1113/980 1004/1135/1004 1005/1140/1005
f 974/1090/974 973/1089/973 997/1136/997 998/1115/998
f 989/1092/989 988/1091/988 1012/1137/1012 1013/1118/1013
f 967/1094/967 966/1093/966 990/1139/990 991/1119/991
f 982/1096/982 981/1095/981 1005/1140/1005 1006/1121/1006
f 1007/1122/1007 1006/1121/1006 1030/1141/1030 1031/1142/1031
f 1000/1123/1000 999/1116/999 1023/1143/1023 1024/1144/1024
f 993/1124/993 992/1120/992 1016/1145/1016 1017/1146/1017
f 1008/1125/1008 1007/1122/1007 1031/1142/1031 1032/1147/1032
f 1001/1126/1001 1000/1123/1000 1024/1144/1024 1025/1148/1025
f 994/1127/994 993/1124/993 1017/1146/1017 1018/1149/1018
f 1009/1128/1009 1008/1125/1008 1032/1147/1032 1033/1150/1033
f 1002/1129/1002 1001/1126/1001 1025/1148/1025 1026/1151/1026
f 995/1130/995 994/1127/994 1018/1149/1018 1019/1152/1019
f 1010/1131/1010 1009/1128/1009 1033/1150/1033 1034/1153/1034
f 1003/1132/1003 1002/1129/1002 1026/1151/1026 1027/1154/1027
f 996/1133/996 995/1130/995 1019/1152/1019 1020/1155/1020
f 1011/1134/1011 1010/1131/1010 1034/1153/1034 1035/1156/1035
f 1004/1135/1004 1003/1132/1003 1027/1154/1027 1028/1157/1028
f 997/1136/997 996/1133/996 1020/1155/1020 1021/1158/1021
f 1012/1137/1012 1011/1134/1011 1035/1156/1035 1036/1159/1036
f 990/1139/990 869/1160/869 1014/1161/1014
f 1005/1140/1005 1004/1135/1004 1028/1157/1028 1029/1162/1029
f 998/1115/998 997/1136/997 1021/1158/1021 1022/1163/1022
f 1013/1118/1013 1012/1137/1012 1036/1159/1036 1037/1164/1037
f 991/1119/991 990/1139/990 1014/1161/1014 1015/1165/1015
f 1006/1121/1006 1005/1140/1005 1029/1162/1029 1030/1141/1030
f 999/1116/999 998/1115/998 1022/1163/1022 1023/1143/1023
f 196/1166/196 1013/1118/1013 1037/1164/1037
f 992/1120/992 991/1119/991 1015/1165/1015 1016/1145/1016
f 1017/1146/1017 1016/1145/1016 1040/1167/1040 1041/1168/1041
f 1032/1147/1032 1031/1142/1031 1055/1169/1055 1056/1170/1056
f 1025/1148/1025 1024/1144/1024 1048/1171/1048 1049/1172/1049
f 1018/1149/1018 1017/1146/1017 1041/1168/1041 1042/1173/1042
f 1033/1150/1033 1032/1147/1032 1056/1170/1056 1057/1174/1057
f 1026/1151/1026 1025/1148/1025 1049/1172/1049 1050/1175/1050
f 1019/1152/1019 1018/1149/1018 1042/1173/1042 1043/1176/1043
f 1034/1153/1034 1033/1150/1033 1057/1174/1057 1058/1177/1058
f 1027/1154/1027 1026/1151/1026 1050/1175/1050 1051/1178/1051
f 1020/1155/1020 1019/1152/1019 1043/1176/1043 1044/1179/1044
f 1035/1156/1035 1034/1153/1034 1058/1177/1058 1059/1180/1059
f 1028/1157/1028 1027/1154/1027 1051/1178/1051 1052/1181/1052
f 1021/1158/1021 1020/1155/1020 1044/1179/1044 1045/1182/1045
f 1036/1159/1036 1035/1156/1035 1059/1180/1059 1060/1183/1060
f 1014/1161/1014 869/1184/869 1038/1185/1038
f 1029/1162/1029 1028/1157/1028 1052/1181/1052 1053/1186/1053
f 1022/1163/1022 1021/1158/1021 1045/1182/1045 1046/1187/1046
f 1037/1164/1037 1036/1159/1036 1060/1183/1060 1061/1188/1061
f 1015/1165/1015 1014/1161/1014 1038/1185/1038 1039/1189/1039
f 1030/1141/1030 1029/1162/1029 1053/1186/1053 1054/1190/1054
f 1023/1143/1023 1022/1163/1022 1046/1187/1046 1047/1191/1047
f 196/1192/196 1037/1164/1037 1061/1188/1061
f 1016/1145/1016 1015/1165/1015 1039/1189/1039 1040/1167/1040
f 1031/1142/1031 1030/1141/1030 1054/1190/1054 1055/1169/1055
f 1024/1144/1024 1023/1143/1023 1047/1191/1047 1048/1171/1048
f 1042/1173/1042 1041/1168/1041 1065/1193/1065 1066/1194/1066
f 1057/1174/1057 1056/1170/1056 1080/1195/1080 1081/1196/1081
f 1050/1175/1050 1049/1172/1049 1073/1197/1073 1074/1198/1074
f 1043/1176/1043 1042/1173/1042 1066/1194/1066 1067/1199/1067
f 1058/1177/1058 1057/1174/1057 1081/1196/1081 1082/1200/1082
f 1051/1178/1051 1050/1175/1050 1074/1198/1074 1075/1201/1075
f 1044/1179/1044 1043/1176/1043 1067/1199/1067 1068/1202/1068
f 1059/1180/1059 1058/1177/1058 1082/1200/1082 1083/1203/1083
f 1052/1181/1052 1051/1178/1051 1075/1201/1075 1076/1204/1076
f 1045/1182/1045 1044/1179/1044 1068/1202/1068 1069/1205/1069
f 1060/1183/1060 1059/1180/1059 1083/1203/1083 1084/1206/1084
f 1038/1185/1038 869/1207/869 1062/1208/1062
f 1053/1186/1053 1052/1181/1052 1076/1204/1076 1077/1209/1077
f 1046/1187/1046 1045/1182/1045 1069/1205/1069 1070/1210/1070
f 1061/1188/1061 1060/1183/1060 1084/1206/1084 1085/1211/1085
f 1039/1189/1039 1038/1185/1038 1062/1208/1062 1063/1212/1063
f 1054/1190/1054 1053/1186/1053 1077/1209/1077 1078/1213/1078
f 1047/1191/1047 1046/1187/1046 1070/1210/1070 1071/1214/1071
f 196/1215/196 1061/1188/1061 1085/1211/1085
f 1040/1167/1040 1039/1189/1039 1063/1212/1063 1064/1216/1064
f 1055/1169/1055 1054/1190/1054 1078/1213/1078 1079/1217/1079
f 1048/1171/1048 1047/1191/1047 1071/1214/1071 1072/1218/1072
f 1041/1168/1041 1040/1167/1040 1064/1216/1064 1065/1193/1065
f 1056/1170/1056 1055/1169/1055 1079/1217/1079 1080/1195/1080
f 1049/1172/1049 1048/1171/1048 1072/1218/1072 1073/1197/1073
f 1074/1198/1074 1073/1197/1073 1097/1219/1097 1098/1220/1098
f 1067/1199/1067 1066/1194/1066 1090/1221/1090 1091/1222/1091
f 1082/1200/1082 1081/1196/1081 1105/1223/1105 1106/1224/1106
f 1075/1201/1075 1074/1198/1074 1098/1220/1098 1099/1225/1099
f 1068/1202/1068 1067/1199/1067 1091/1222/1091 1092/1226/1092
f 1083/1203/1083 1082/1200/1082 1106/1224/1106 1107/1227/1107
f 1076/1204/1076 1075/1201/1075 1099/1225/1099 1100/1228/1100
f 1069/1205/1069 1068/1202/1068 1092/1226/1092 1093/1229/1093
f 1084/1206/1084 1083/1203/1083 1107/1227/1107 1108/1230/1108
f 1062/1208/1062 869/1231/869 1086/1232/1086
f 1077/1209/1077 1076/1204/1076 1100/1228/1100 1101/1233/1101
f 1070/1210/1070 1069/1205/1069 1093/1229/1093 1094/1234/1094
f 1085/1211/1085 1084/1206/1084 1108/1230/1108 1109/1235/1109
f 1063/1212/1063 1062/1208/1062 1086/1232/1086 1087/1236/1087
f 1078/1213/1078 1077/1209/1077 1101/1233/1101 1102/1237/1102
f 1071/1214/1071 1070/1210/1070 1094/1234/1094 1095/1238/1095
f 196/1239/196 1085/1211/1085 1109/1235/1109
f 1064/1216/1064 1063/1212/1063 1087/1236/1087 1088/1240/1088
f 1079/1217/1079 1078/1213/1078 1102/1237/1102 1103/1241/1103
f 1072/1218/1072 1071/1214/1071 1095/1238/1095 1096/1242/1096
f 1065/1193/1065 1064/1216/1064 1088/1240/1088 1089/1243/1089
f 1080/1195/1080 1079/1217/1079 1103/1241/1103 1104/1244/1104
f 1073/1197/1073 1072/1218/1072 1096/1242/1096 1097/1219/1097
f 1066/1194/1066 1065/1193/1065 1089/1243/1089 1090/1221/1090
f 1081/1196/1081 1080/1195/1080 1104/1244/1104 1105/1223/1105
f 1099/1225/1099 1098/1220/1098 1122/1245/1122 1123/1246/1123
f 1092/1226/1092 1091/1222/1091 1115/1247/1115 1116/1248/1116
f 1107/1227/1107 1106/1224/1106 1130/1249/1130 1131/1250/1131
f 1100/1228/1100 1099/1225/1099 1123/1246/1123 1124/1251/1124
f 1093/1229/1093 1092/1226/1092 1116/1248/1116 1117/1252/1117
f 1108/1230/1108 1107/1227/1107 1131/1250/1131 1132/1253/1132
f 1086/1232/1086 869/1254/869 1110/1255/1110
f 1101/1233/1101 1100/1228/1100 1124/1251/1124 1125/1256/1125
f 1094/1234/1094 1093/1229/1093 1117/1252/1117 1118/1257/1118
f 1109/1235/1109 1108/1230/1108 1132/1253/1132 1133/1258/1133
f 1087/1236/1087 1086/1232/1086 1110/1255/1110 1111/1259/1111
f 1102/1237/1102 1101/1233/1101 1125/1256/1125 1126/1260/1126
f 1095/1238/1095 1094/1234/1094 1118/1257/1118 1119/1261/1119
f 196/1262/196 1109/1235/1109 1133/1258/1133
f 1088/1240/1088 1087/1236/1087 1111/1259/1111 1112/1263/1112
f 1103/1241/1103 1102/1237/1102 1126/1260/1126 1127/1264/1127
f 1096/1242/1096 1095/1238/1095 1119/1261/1119 1120/1265/1120
f 1089/1243/1089 1088/1240/1088 1112/1263/1112 1113/1266/1113
f 1104/1244/1104 1103/1241/1103 1127/1264/1127 1128/1267/1128
f 1097/1219/1097 1096/1242/1096 1120/1265/1120 1121/1268/1121
f 1090/1221/1090 1089/1243/1089 1113/1266/1113 1114/1269/1114
f 1105/1223/1105 1104/1244/1104 1128/1267/1128 1129/1270/1129
f 1098/1220/1098 1097/1219/1097 1121/1268/1121 1122/1245/1122
f 1091/1222/1091 1090/1221/1090 1114/1269/1114 1115/1247/1115
f 1106/1224/1106 1105/1223/1105 1129/1270/1129 1130/1249/1130
f 1131/1250/1131 1130/1249/1130 1154/1271/1154 1155/1272/1155
f 1124/1251/1124 1123/1246/1123 1147/1273/1147 1148/1274/1148
f 1117/1252/1117 1116/1248/1116 1140/1275/1140 1141/1276/1141
f 1132/1253/1132 1131/1250/1131 1155/1272/1155 1156/1277/1156
f 1110/1255/1110 869/1278/869 1134/1279/1134
f 1125/1256/1125 1124/1251/1124 1148/1274/1148 1149/1280/1149
f 1118/1257/1118 1117/1252/1117 1141/1276/1141 1142/1281/1142
f 1133/1258/1133 1132/1253/1132 1156/1277/1156 1157/1282/1157
f 1111/1259/1111 1110/1255/1110 1134/1279/1134 1135/1283/1135
f 1126/1260/1126 1125/1256/1125 1149/1280/1149 1150/1284/1150
f 1119/1261/1119 1118/1257/1118 1142/1281/1142 1143/1285/1143
f 196/1286/196 1133/1258/1133 1157/1282/1157
f 1112/1263/1112 1111/1259/1111 1135/1283/1135 1136/1287/1136
f 1127/1264/1127 1126/1260/1126 1150/1284/1150 1151/1288/1151
f 1120/1265/1120 1119/1261/1119 1143/1285/1143 1144/1289/1144
f 1113/1266/1113 1112/1263/1112 1136/1287/1136 1137/1290/1137
f 1128/1267/1128 1127/1264/1127 1151/1288/1151 1152/1291/1152
f 1121/1268/1121 1120/1265/1120 1144/1289/1144 1145/1292/1145
f 1114/1269/1114 1113/1266/1113 1137/1290/1137 1138/1293/1138
f 1129/1270/1129 1128/1267/1128 1152/1291/1152 1153/1294/1153
f 1122/1245/1122 1121/1268/1121 1145/1292/1145 1146/1295/1146
f 1115/1247/1115 1114/1269/1114 1138/1293/1138 1139/1296/1139
f 1130/1249/1130 1129/1270/1129 1153/1294/1153 1154/1271/1154
f 1123/1246/1123 1122/1245/1122 1146/1295/1146 1147/1273/1147
f 1116/1248/1116 1115/1247/1115 1139/1296/1139 1140/1275/1140
f 1141/1276/1141 1140/1275/1140 1164/1297/1164 1165/1298/1165
f 1156/1277/1156 1155/1272/1155 1179/1299/1179 1180/1300/1180
f 1134/1279/1134 869/1301/869 1158/1302/1158
f 1149/1280/1149 1148/1274/1148 1172/1303/1172 1173/1304/1173
f 1142/1281/1142 1141/1276/1141 1165/1298/1165 1166/1305/1166
f 1157/1282/1157 1156/1277/1156 1180/1300/1180 1181/1306/1181
f 1135/1283/1135 1134/1279/1134 1158/1302/1158 1159/1307/1159
f 1150/1284/1150 1149/1280/1149 1173/1304/1173 1174/1308/1174
f 1143/1285/1143 1142/1281/1142 1166/1305/1166 1167/1309/1167
f 196/1310/196 1157/1282/1157 1181/1306/1181
f 1136/1287/1136 1135/1283/1135 1159/1307/1159 1160/1311/1160
f 1151/1288/1151 1150/1284/1150 1174/1308/1174 1175/1312/1175
f 1144/1289/1144 1143/1285/1143 1167/1309/1167 1168/1313/1168
f 1137/1290/1137 1136/1287/1136 1160/1311/1160 1161/1314/1161
f 1152/1291/1152 1151/1288/1151 1175/1312/1175 1176/1315/1176
f 1145/1292/1145 1144/1289/1144 1168/1313/1168 1169/1316/1169
f 1138/1293/1138 1137/1290/1137 1161/1314/1161 1162/1317/1162
f 1153/1294/1153 1152/1291/1152 1176/1315/1176 1177/1318/1177
f 1146/1295/1146 1145/1292/1145 1169/1316/1169 1170/1319/1170
f 1139/1296/1139 1138/1293/1138 1162/1317/1162 1163/1320/1163
f 1154/1271/1154 1153/1294/1153 1177/1318/1177 1178/1321/1178
f 1147/1273/1147 1146/1295/1146 1170/1319/1170 1171/1322/1171
f 1140/1275/1140 1139/1296/1139 1163/1320/1163 1164/1297/1164
f 1155/1272/1155 1154/1271/1154 1178/1321/1178 1179/1299/1179
f 1148/1274/1148 1147/1273/1147 1171/1322/1171 1172/1303/1172
f 1166/1305/1166 1165/1298/1165 1188/27/1188 1189/36/1189
f 1181/1306/1181 1180/1300/1180 1201/29/1201 1202/38/1202
f 1159/1307/1159 1158/1302/1158 1182/31/1182 1183/40/1183
f 1174/1308/1174 1173/1304/1173 1195/34/1195 1196/42/1196
f 1167/1309/1167 1166/1305/1166 1189/36/1189 1190/44/1190
f 196/1323/196 1181/1306/1181 1202/38/1202
f 1160/1311/1160 1159/1307/1159 1183/40/1183 1/47/1
f 1175/1312/1175 1174/1308/1174 1196/42/1196 1197/49/1197
f 1168/1313/1168 1167/1309/1167 1190/44/1190 1191/2/1191
f 1161/1314/1161 1160/1311/1160 1/47/1 1184/6/1184
f 1176/1315/1176 1175/1312/1175 1197/49/1197 1198/10/1198
f 1169/1316/1169 1168/1313/1168 1191/2/1191 1192/1/1192
f 1162/1317/1162 1161/1314/1161 1184/6/1184 1185/5/1185
f 1177/1318/1177 1176/1315/1176 1198/10/1198 1199/9/1199
f 1170/1319/1170 1169/1316/1169 1192/1/1192 1193/13/1193
f 1163/1320/1163 1162/1317/1162 1185/5/1185 1186/15/1186
f 1178/1321/1178 1177/1318/1177 1199/9/1199 1200/17/1200
f 1171/1322/1171 1170/1319/1170 1193/13/1193 1194/19/1194
f 1164/1297/1164 1163/1320/1163 1186/15/1186 1187/21/1187
f 1179/1299/1179 1178/1321/1178 1200/17/1200 3/23/3
f 1172/1303/1172 1171/1322/1171 1194/19/1194 2/25/2
f 1165/1298/1165 1164/1297/1164 1187/21/1187 1188/27/1188
f 1180/1300/1180 1179/1299/1179 3/23/3 1201/29/1201
f 1158/1302/1158 869/1324/869 1182/31/1182
f 1173/1304/1173 1172/1303/1172 2/25/2 1195/34/1195
